Num,RS_Num,River,RecaptureSite,Date,Time,UTM_X,UTM_Y,Species,Length,Weight,TagType,TagID,QAQC,TagSize,Ant,Event,FinClip,Mortality,Comments
1,7,Colorado River,Hitching Post,5/4/2021,9:45:00,414476,4440260,RBT,363,467,HA,230000228711,fail,32,Handheld,Recapture,adp,0,weight data was missing
2,7,Colorado River,Hitching Post,5/4/2021,9:45:00,414476,4440260,RBT,339,350,HA,230000228765,fail,32,Handheld,Recapture,adp,0,corrected recapture date and added weight
3,9,Colorado River,Chimney Rock Below Island,5/4/2021,11:15:00,413330,4440059,RBT,266,174,HA,230000228783,pass,32,Handheld,Recapture,adp,0,
4,11,Colorado River,Pool Above Red Barn Antenna,5/4/2021,12:00:00,412550,4439453,LOC,359,451,HA,230000228803,pass,32,Handheld,Recapture,adp,0,
5,11,Colorado River,Pool Above Red Barn Antenna,5/4/2021,12:00:00,412550,4439453,LOC,246,130,HA,230000228814,pass,32,Handheld,Recapture,adp,0,
6,11,Colorado River,Pool Above Red Barn Antenna,5/4/2021,12:00:00,412550,4439453,LOC,379,508,HA,230000228864,fail,32,Handheld,Recapture,adp,0,weight data was missing
7,11,Colorado River,Pool Above Red Barn Antenna,5/4/2021,12:00:00,412550,4439453,LOC,402,620,HA,230000228898,pass,32,Handheld,Recapture,adp,0,"Two tags in fish, 230000272263"
8,14,Colorado River,Below Red Barn Diversion #2,5/4/2021,13:00:00,411887,4438898,LOC,311,294,HA,230000228946,pass,32,Handheld,Recapture,adp,0,
9,15,Colorado River,Kinney Creek,5/4/2021,13:45:00,411432,4438897,LOC,358,412,HA,230000228835,fail,32,Handheld,Recapture,adp,0,weight data was missing
10,16,Colorado River,Dark Timber Above Railroad,5/4/2021,14:30:00,410945,4438654,LOC,359,465,HA,230000229047,pass,32,Handheld,Recapture,adp,0,
11,16,Colorado River,Dark Timber Above Railroad,5/4/2021,14:30:00,410945,4438654,LOC,230,125,HA,230000229054,fail,32,Handheld,Recapture,adp,0,weight data was missing
12,16,Colorado River,Dark Timber Above Railroad,5/4/2021,14:30:00,410945,4438654,LOC,360,423,HA,230000229076,pass,32,Handheld,Recapture,adp,0,
13,7,Colorado River,Hitching Post,5/6/2021,9:45:00,414476,4440260,RBT,404,,HA,230000228632,pass,32,Handheld,Recapture,adp,0,weight was not recorded
14,7,Colorado River,Hitching Post,5/6/2021,9:45:00,414476,4440260,LOC,293,,HA,230000228704,,32,Handheld,Recapture,adp,0,
15,7,Colorado River,Hitching Post,5/6/2021,9:45:00,414476,4440260,RBT,253,,HA,230000228714,,32,Handheld,Recapture,adp,0,
16,7,Colorado River,Hitching Post,5/6/2021,9:45:00,414476,4440260,LOC,361,,HA,230000228720,pass,32,Handheld,Recapture,adp,0,
17,7,Colorado River,Hitching Post,5/6/2021,9:45:00,414476,4440260,LOC,384,523,HA,230000228734,fail,32,Handheld,Recapture,adp,0,weight data was missing
18,7,Colorado River,Hitching Post,5/6/2021,9:45:00,414476,4440260,LOC,339,,HA,230000228735,pass,32,Handheld,Recapture,adp,0,weight was not recorded
19,7,Colorado River,Hitching Post,5/6/2021,9:45:00,414476,4440260,LOC,337,,HA,230000272087,,32,Handheld,Recapture,adp,0,
20,8,Colorado River,Chimney Rock Above Island,5/6/2021,10:30:00,413880,4440093,LOC,205,,HA,230000228528,,32,Handheld,Recapture,adp,0,
21,8,Colorado River,Chimney Rock Above Island,5/6/2021,10:30:00,413880,4440093,LOC,246,140,HA,230000228604,pass,32,Handheld,Recapture,adp,0,
22,8,Colorado River,Chimney Rock Above Island,5/6/2021,10:30:00,413880,4440093,LOC,396,,HA,230000272247,,32,Handheld,Recapture,adp,0,
23,11,Colorado River,Pool Above Red Barn Antenna,5/6/2021,12:00:00,412550,4439453,LOC,355,,HA,230000228859,,32,Handheld,Recapture,adp,0,
24,11,Colorado River,Pool Above Red Barn Antenna,5/6/2021,12:00:00,412550,4439453,LOC,311,,HA,230000228861,pass,32,Handheld,Recapture,adp,0,weight was not recorded
25,11,Colorado River,Pool Above Red Barn Antenna,5/6/2021,12:00:00,412550,4439453,RBT,274,,HA,230000228868,pass,32,Handheld,Recapture,adp,0,weight was not recorded
26,11,Colorado River,Pool Above Red Barn Antenna,5/6/2021,12:00:00,412550,4439453,LOC,348,,HA,230000272507,,32,Handheld,Recapture,adp,0,
27,11,Colorado River,Pool Above Red Barn Antenna,5/6/2021,12:00:00,412550,4439453,RBT,402,592,HA,230000272734,,32,Handheld,Recapture,adp,0,
28,12,Colorado River,Lower Red Barn Fry Site,5/6/2021,12:45:00,412335,4439368,LOC,317,345,HA,230000142692,fail,32,Handheld,Recapture,adp,0,weight data was missing
29,12,Colorado River,Lower Red Barn Fry Site,5/6/2021,12:45:00,412335,4439368,LOC,375,,HA,230000228808,pass,32,Handheld,Recapture,adp,0,weight was not recorded
30,12,Colorado River,Lower Red Barn Fry Site,5/6/2021,12:45:00,412335,4439368,LOC,431,790,HA,230000272016,,32,Handheld,Recapture,adp,0,
31,14,Colorado River,Below Red Barn Diversion #2,5/6/2021,13:30:00,411887,4438898,LOC,376,,HA,230000228696,,32,Handheld,Recapture,adp,0,
32,14,Colorado River,Below Red Barn Diversion #2,5/6/2021,13:30:00,411887,4438898,LOC,181,,HA,230000228851,pass,32,Handheld,Recapture,adp,0,weight was not recorded
33,14,Colorado River,Below Red Barn Diversion #2,5/6/2021,13:30:00,411887,4438898,LOC,392,582,HA,230000228950,pass,32,Handheld,Recapture,adp,0,
34,14,Colorado River,Below Red Barn Diversion #2,5/6/2021,13:30:00,411887,4438898,LOC,358,,HA,230000228971,,32,Handheld,Recapture,adp,0,
35,16,Colorado River,Dark Timber Above Railroad,5/6/2021,14:30:00,410945,4438654,LOC,371,,HA,230000228987,,32,Handheld,Recapture,adp,0,
36,16,Colorado River,Dark Timber Above Railroad,5/6/2021,14:30:00,410945,4438654,LOC,321,,HA,230000228990,,32,Handheld,Recapture,adp,0,
37,16,Colorado River,Dark Timber Above Railroad,5/6/2021,14:30:00,410945,4438654,RBT,241,,HA,230000229019,,32,Handheld,Recapture,adp,0,
38,16,Colorado River,Dark Timber Above Railroad,5/6/2021,14:30:00,410945,4438654,RBT,349,,HA,230000229030,pass,32,Handheld,Recapture,adp,0,weight was not recorded
39,16,Colorado River,Dark Timber Above Railroad,5/6/2021,14:30:00,410945,4438654,LOC,312,,HA,230000229048,,32,Handheld,Recapture,adp,0,
40,16,Colorado River,Dark Timber Above Railroad,5/6/2021,14:30:00,410945,4438654,LOC,333,344,HA,230000229050,pass,32,Handheld,Recapture,adp,0,
41,16,Colorado River,Dark Timber Above Railroad,5/6/2021,14:30:00,410945,4438654,LOC,338,,HA,230000229051,,32,Handheld,Recapture,adp,0,
42,16,Colorado River,Dark Timber Above Railroad,5/6/2021,14:30:00,410945,4438654,LOC,370,,HA,230000229072,,32,Handheld,Recapture,adp,0,
43,18,Colorado River,Shefiff Ranch Middle Field,5/6/2021,16:30:00,409595,4438221,LOC,379,,HA,230000272381,fail,32,Handheld,Recapture,adp,0,corrected weight
44,19,Colorado River,Sheriff Ranch Fry Site,5/6/2021,17:30:00,409096,4438050,LOC,347,,HA,230000224586,,32,Handheld,Recapture,adp,0,
45,2,Fraser River,Fraser River Ranch,9/1/2021,16:30:00,417231,4438604,RBT,384,592,HA,230000228010,pass,32,Handheld,Recapture,adp,0,
46,2,Fraser River,Fraser River Ranch,9/1/2021,16:30:00,417231,4438604,LOC,378,454,HA,230000228026,pass,32,Handheld,Recapture,adp,0,
47,2,Fraser River,Fraser River Ranch,9/1/2021,16:30:00,417231,4438604,LOC,401,596,HA,230000228040,pass,32,Handheld,Recapture,adp,0,
48,2,Fraser River,Fraser River Ranch,9/1/2021,16:30:00,417231,4438604,LOC,424,741,HA,230000228045,pass,32,Handheld,Recapture,adp,0,
49,2,Fraser River,Fraser River Ranch,9/1/2021,16:30:00,417231,4438604,LOC,440,708,HA,230000228046,pass,32,Handheld,Recapture,adp,0,
50,2,Fraser River,Fraser River Ranch,9/1/2021,16:30:00,417231,4438604,LOC,332,382,HA,230000228063,pass,32,Handheld,Recapture,adp,0,
51,2,Fraser River,Fraser River Ranch,9/1/2021,16:30:00,417231,4438604,RBT,392,528,HA,230000228066,pass,32,Handheld,Recapture,adp,0,
52,2,Fraser River,Fraser River Ranch,9/1/2021,16:30:00,417231,4438604,LOC,358,416,HA,230000228067,pass,32,Handheld,Recapture,adp,0,
53,2,Fraser River,Fraser River Ranch,9/1/2021,16:30:00,417231,4438604,LOC,324,338,HA,230000228074,pass,32,Handheld,Recapture,adp,0,
54,2,Fraser River,Fraser River Ranch,9/1/2021,16:30:00,417231,4438604,RBT,319,335,HA,230000228122,pass,32,Handheld,Recapture,adp,0,
55,2,Fraser River,Fraser River Ranch,9/1/2021,16:30:00,417231,4438604,LOC,456,953,HA,230000228137,,32,Handheld,Recapture,adp,0,
56,2,Fraser River,Fraser River Ranch,9/1/2021,16:30:00,417231,4438604,LOC,399,550,HA,230000228141,,32,Handheld,Recapture,adp,0,
57,2,Fraser River,Fraser River Ranch,9/1/2021,16:30:00,417231,4438604,LOC,467,902,HA,230000228146,,32,Handheld,Recapture,adp,0,
58,2,Fraser River,Fraser River Ranch,9/1/2021,16:30:00,417231,4438604,LOC,276,218,HA,230000228364,pass,32,Handheld,Recapture,adp,0,
59,1,Fraser River,Kaibab Park,9/2/2021,12:00:00,420566,4437167,MTS,113,19,HA,226001581526,pass,12,Handheld,Recapture,adp,0,
60,1,Fraser River,Kaibab Park,9/2/2021,12:00:00,420566,4437167,MTS,100,14,HA,226001581532,pass,12,Handheld,Recapture,adp,0,
61,1,Fraser River,Kaibab Park,9/2/2021,12:00:00,420566,4437167,MTS,107,14,HA,226001581555,,12,Handheld,Recapture,adp,0,
62,1,Fraser River,Kaibab Park,9/2/2021,12:00:00,420566,4437167,MTS,97,14,HA,226001581568,pass,12,Handheld,Recapture,adp,0,
63,1,Fraser River,Kaibab Park,9/2/2021,12:00:00,420566,4437167,MTS,101,15,HA,226001581581,pass,12,Handheld,Recapture,adp,0,
64,1,Fraser River,Kaibab Park,9/2/2021,12:00:00,420566,4437167,MTS,116,20,HA,226001581702,,12,Handheld,Recapture,adp,0,
65,1,Fraser River,Kaibab Park,9/2/2021,12:00:00,420566,4437167,LOC,328,318,HA,230000228101,pass,32,Handheld,Recapture,adp,0,
66,1,Fraser River,Kaibab Park,9/2/2021,12:00:00,420566,4437167,LOC,227,110,HA,230000228108,pass,32,Handheld,Recapture,adp,0,
67,1,Fraser River,Kaibab Park,9/2/2021,12:00:00,420566,4437167,LOC,221,106,HA,230000228153,pass,32,Handheld,Recapture,adp,0,
68,1,Fraser River,Kaibab Park,9/2/2021,12:00:00,420566,4437167,LOC,300,239,HA,230000228155,pass,32,Handheld,Recapture,adp,0,
69,1,Fraser River,Kaibab Park,9/2/2021,12:00:00,420566,4437167,LOC,217,106,HA,230000228156,,32,Handheld,Recapture,adp,0,confirmed TagID
70,1,Fraser River,Kaibab Park,9/2/2021,12:00:00,420566,4437167,LOC,256,164,HA,230000228161,pass,32,Handheld,Recapture,adp,0,
71,1,Fraser River,Kaibab Park,9/2/2021,12:00:00,420566,4437167,LOC,365,456,HA,230000228168,,32,Handheld,Recapture,adp,0,
72,1,Fraser River,Kaibab Park,9/2/2021,12:00:00,420566,4437167,LOC,307,296,HA,230000228177,pass,32,Handheld,Recapture,adp,0,
73,1,Fraser River,Kaibab Park,9/2/2021,12:00:00,420566,4437167,LOC,267,180,HA,230000228178,pass,32,Handheld,Recapture,adp,0,
74,1,Fraser River,Kaibab Park,9/2/2021,12:00:00,420566,4437167,LOC,236,128,HA,230000228183,pass,32,Handheld,Recapture,adp,0,
75,1,Fraser River,Kaibab Park,9/2/2021,12:00:00,420566,4437167,LOC,329,310,HA,230000228187,pass,32,Handheld,Recapture,adp,0,
76,1,Fraser River,Kaibab Park,9/2/2021,12:00:00,420566,4437167,LOC,394,624,HA,230000228193,pass,32,Handheld,Recapture,adp,0,
77,1,Fraser River,Kaibab Park,9/2/2021,12:00:00,420566,4437167,LOC,298,260,HA,230000228217,,32,Handheld,Recapture,adp,0,
78,1,Fraser River,Kaibab Park,9/2/2021,12:00:00,420566,4437167,LOC,280,256,HA,230000228221,pass,32,Handheld,Recapture,adp,0,
79,1,Fraser River,Kaibab Park,9/2/2021,12:00:00,420566,4437167,LOC,205,86,HA,230000228236,pass,32,Handheld,Recapture,adp,0,
80,1,Fraser River,Kaibab Park,9/2/2021,12:00:00,420566,4437167,LOC,296,224,HA,230000228255,pass,32,Handheld,Recapture,adp,0,
81,1,Fraser River,Kaibab Park,9/2/2021,12:00:00,420566,4437167,LOC,226,112,HA,230000228271,pass,32,Handheld,Recapture,adp,0,
82,1,Fraser River,Kaibab Park,9/2/2021,12:00:00,420566,4437167,LOC,239,140,HA,230000228274,,32,Handheld,Recapture,adp,0,
83,1,Fraser River,Kaibab Park,9/2/2021,12:00:00,420566,4437167,LOC,256,154,HA,230000228279,,32,Handheld,Recapture,adp,0,
84,1,Fraser River,Kaibab Park,9/2/2021,12:00:00,420566,4437167,LOC,231,122,HA,230000228281,pass,32,Handheld,Recapture,adp,0,
85,1,Fraser River,Kaibab Park,9/2/2021,12:00:00,420566,4437167,LOC,218,97,HA,230000228287,,32,Handheld,Recapture,adp,0,
86,1,Fraser River,Kaibab Park,9/2/2021,12:00:00,420566,4437167,LOC,241,138,HA,230000228292,,32,Handheld,Recapture,adp,0,
87,1,Fraser River,Kaibab Park,9/2/2021,12:00:00,420566,4437167,LOC,236,130,HA,230000228294,,32,Handheld,Recapture,adp,0,
88,1,Fraser River,Kaibab Park,9/2/2021,12:00:00,420566,4437167,LOC,219,90,HA,230000228297,pass,32,Handheld,Recapture,adp,0,
89,1,Fraser River,Kaibab Park,9/2/2021,12:00:00,420566,4437167,LOC,196,82,HA,230000228305,pass,32,Handheld,Recapture,adp,0,
90,1,Fraser River,Kaibab Park,9/2/2021,12:00:00,420566,4437167,LOC,214,100,HA,230000228322,,32,Handheld,Recapture,adp,0,
91,3,Colorado River,Upper River Run,10/5/2021,15:00:00,418835,4439975,MTS,123,25,HA,226001581485,pass,12,Handheld,Recapture,right pelvic,0,
92,3,Colorado River,Upper River Run,10/5/2021,15:00:00,418835,4439975,RBT,386,638,HA,230000228452,pass,32,Handheld,Recapture,adp,0,
93,3,Colorado River,Upper River Run,10/5/2021,15:00:00,418835,4439975,LOC,408,743,HA,230000228456,pass,32,Handheld,Recapture,adp,0,
94,3,Colorado River,Upper River Run,10/5/2021,15:00:00,418835,4439975,LOC,387,644,HA,230000228502,pass,32,Handheld,Recapture,adp,0,
95,3,Colorado River,Upper River Run,10/5/2021,15:00:00,418835,4439975,LOC,381,510,HA,230000228507,pass,32,Handheld,Recapture,adp,0,
96,3,Colorado River,Upper River Run,10/5/2021,15:00:00,418835,4439975,LOC,301,267,HA,230000228557,pass,32,Handheld,Recapture,adp,0,
97,3,Colorado River,Upper River Run,10/5/2021,15:00:00,418835,4439975,LOC,366,477,HA,230000228571,pass,32,Handheld,Recapture,adp,0,
98,3,Colorado River,Upper River Run,10/5/2021,15:00:00,418835,4439975,LOC,360,456,HA,230000228579,pass,32,Handheld,Recapture,adp,0,
99,3,Colorado River,Upper River Run,10/5/2021,15:00:00,418835,4439975,LOC,336,368,HA,230000228580,pass,32,Handheld,Recapture,adp,0,
100,3,Colorado River,Upper River Run,10/5/2021,15:00:00,418835,4439975,LOC,283,242,HA,230000228585,pass,32,Handheld,Recapture,adp,0,
101,3,Colorado River,Upper River Run,10/5/2021,15:00:00,418835,4439975,LOC,324,372,HA,230000228620,pass,32,Handheld,Recapture,adp,0,
102,4,Colorado River,Lower River Run,10/5/2021,18:00:00,418178,4440020,MTS,122,24,HA,226001581296,pass,12,Handheld,Recapture,right pelvic,0,
103,4,Colorado River,Lower River Run,10/5/2021,18:00:00,418178,4440020,MTS,126,31,HA,226001581321,pass,12,Handheld,Recapture,right pelvic,0,
104,4,Colorado River,Lower River Run,10/5/2021,18:00:00,418178,4440020,MTS,125,31,HA,226001581425,pass,12,Handheld,Recapture,right pelvic,0,
105,4,Colorado River,Lower River Run,10/5/2021,18:00:00,418178,4440020,MTS,139,37,HA,226001581457,pass,12,Handheld,Recapture,right pelvic,0,
106,4,Colorado River,Lower River Run,10/5/2021,18:00:00,418178,4440020,MTS,124,28,HA,226001581489,pass,12,Handheld,Recapture,right pelvic,0,
107,4,Colorado River,Lower River Run,10/5/2021,18:00:00,418178,4440020,LOC,439,783,HA,230000228316,pass,32,Handheld,Recapture,adp,0,
108,4,Colorado River,Lower River Run,10/5/2021,18:00:00,418178,4440020,LOC,375,399,HA,230000228327,pass,32,Handheld,Recapture,adp,0,
109,4,Colorado River,Lower River Run,10/5/2021,18:00:00,418178,4440020,LOC,444,890,HA,230000228333,pass,32,Handheld,Recapture,adp,0,
110,4,Colorado River,Lower River Run,10/5/2021,18:00:00,418178,4440020,LOC,397,524,HA,230000228334,pass,32,Handheld,Recapture,adp,0,
111,4,Colorado River,Lower River Run,10/5/2021,18:00:00,418178,4440020,LOC,323,296,HA,230000228337,pass,32,Handheld,Recapture,adp,0,
112,4,Colorado River,Lower River Run,10/5/2021,18:00:00,418178,4440020,LOC,304,282,HA,230000228338,pass,32,Handheld,Recapture,adp,0,
113,4,Colorado River,Lower River Run,10/5/2021,18:00:00,418178,4440020,LOC,261,166,HA,230000228340,pass,32,Handheld,Recapture,adp,0,
114,4,Colorado River,Lower River Run,10/5/2021,18:00:00,418178,4440020,LOC,273,218,HA,230000228345,pass,32,Handheld,Recapture,adp,0,
115,4,Colorado River,Lower River Run,10/5/2021,18:00:00,418178,4440020,LOC,270,217,HA,230000228348,pass,32,Handheld,Recapture,adp,0,
116,4,Colorado River,Lower River Run,10/5/2021,18:00:00,418178,4440020,LOC,288,224,HA,230000228351,pass,32,Handheld,Recapture,adp,0,
117,4,Colorado River,Lower River Run,10/5/2021,18:00:00,418178,4440020,LOC,277,207,HA,230000228360,pass,32,Handheld,Recapture,adp,0,
118,4,Colorado River,Lower River Run,10/5/2021,18:00:00,418178,4440020,LOC,324,289,HA,230000228369,pass,32,Handheld,Recapture,adp,0,
119,4,Colorado River,Lower River Run,10/5/2021,18:00:00,418178,4440020,LOC,252,149,HA,230000228370,pass,32,Handheld,Recapture,adp,0,
120,4,Colorado River,Lower River Run,10/5/2021,18:00:00,418178,4440020,LOC,419,683,HA,230000228375,pass,32,Handheld,Recapture,right pelvic + adp,0,"confirmed TagID, changed to recapture"
121,4,Colorado River,Lower River Run,10/5/2021,18:00:00,418178,4440020,LOC,241,128,HA,230000228384,pass,32,Handheld,Recapture,adp,0,
122,4,Colorado River,Lower River Run,10/5/2021,18:00:00,418178,4440020,LOC,364,404,HA,230000228389,pass,32,Handheld,Recapture,adp,0,
123,4,Colorado River,Lower River Run,10/5/2021,18:00:00,418178,4440020,LOC,427,718,HA,230000228398,pass,32,Handheld,Recapture,adp,0,
124,4,Colorado River,Lower River Run,10/5/2021,18:00:00,418178,4440020,LOC,322,324,HA,230000228402,pass,32,Handheld,Recapture,adp,0,
125,4,Colorado River,Lower River Run,10/5/2021,18:00:00,418178,4440020,LOC,256,168,HA,230000228410,pass,32,Handheld,Recapture,adp,0,
126,4,Colorado River,Lower River Run,10/5/2021,18:00:00,418178,4440020,LOC,332,336,HA,230000228413,pass,32,Handheld,Recapture,adp,0,
127,4,Colorado River,Lower River Run,10/5/2021,18:00:00,418178,4440020,LOC,324,314,HA,230000228423,pass,32,Handheld,Recapture,adp,0,
128,4,Colorado River,Lower River Run,10/5/2021,18:00:00,418178,4440020,LOC,278,170,HA,230000228433,pass,32,Handheld,Recapture,adp,0,
129,4,Colorado River,Lower River Run,10/5/2021,18:00:00,418178,4440020,LOC,287,207,HA,230000228445,pass,32,Handheld,Recapture,adp,0,
130,6,Colorado River,Windy Gap Dam,10/6/2021,11:00:00,416101,4440146,LOC,399,553,HA,230000228686,pass,32,Handheld,Recapture,adp,0,
131,7,Colorado River,Hitching Post,5/2/2022,14:15:00,414476,4440260,LOC,337,360,HA,230000142514,fail,32,Handheld,Recapture,adp,0,not denoted as recapture on data sheet
132,7,Colorado River,Hitching Post,5/2/2022,14:15:00,414476,4440260,LOC,358,465,HA,230000142520,pass,32,Handheld,Recapture,adp,0,
133,7,Colorado River,Hitching Post,5/2/2022,14:15:00,414476,4440260,LOC,314,265,HA,230000142539,fail,32,Handheld,Recapture,adp,0,not denoted as recapture on data sheet
134,7,Colorado River,Hitching Post,5/2/2022,14:15:00,414476,4440260,LOC,276,225,HA,230000142540,pass,32,Handheld,Recapture,adp,0,
135,7,Colorado River,Hitching Post,5/2/2022,14:15:00,414476,4440260,RBT,297,250,HA,230000142543,pass,32,Handheld,Recapture,adp,0,
136,7,Colorado River,Hitching Post,5/2/2022,14:15:00,414476,4440260,LOC,350,377,HA,230000142568,pass,32,Handheld,Recapture,adp,0,
137,7,Colorado River,Hitching Post,5/2/2022,14:15:00,414476,4440260,LOC,353,365,HA,230000142574,pass,32,Handheld,Recapture,adp,0,
138,7,Colorado River,Hitching Post,5/2/2022,14:15:00,414476,4440260,LOC,268,188,HA,230000142582,pass,32,Handheld,Recapture,adp,0,
139,7,Colorado River,Hitching Post,5/2/2022,14:15:00,414476,4440260,LOC,332,322,HA,230000142682,pass,32,Handheld,Recapture,adp,0,
140,7,Colorado River,Hitching Post,5/2/2022,14:15:00,414476,4440260,LOC,369,412,HA,230000142723,pass,32,Handheld,Recapture,adp,0,
141,7,Colorado River,Hitching Post,5/2/2022,14:15:00,414476,4440260,LOC,304,265,HA,230000142728,pass,32,Handheld,Recapture,adp,0,
142,7,Colorado River,Hitching Post,5/2/2022,14:15:00,414476,4440260,RBT,325,323,HA,230000224101,pass,32,Handheld,Recapture,adp,0,
143,7,Colorado River,Hitching Post,5/2/2022,14:15:00,414476,4440260,RBT,330,323,HA,230000224497,pass,32,Handheld,Recapture,adp,0,
144,7,Colorado River,Hitching Post,5/2/2022,14:15:00,414476,4440260,LOC,378,585,HA,230000228630,pass,32,Handheld,Recapture,adp,0,
145,7,Colorado River,Hitching Post,5/2/2022,14:15:00,414476,4440260,LOC,288,210,HA,230000228637,pass,32,Handheld,Recapture,adp,0,
146,7,Colorado River,Hitching Post,5/2/2022,14:15:00,414476,4440260,LOC,383,442,HA,230000228713,pass,32,Handheld,Recapture,adp,0,
147,7,Colorado River,Hitching Post,5/2/2022,14:15:00,414476,4440260,LOC,373,480,HA,230000228760,pass,32,Handheld,Recapture,adp,0,
148,7,Colorado River,Hitching Post,5/2/2022,14:15:00,414476,4440260,RBT,306,263,HA,230000228766,pass,32,Handheld,Recapture,adp,0,
149,7,Colorado River,Hitching Post,5/2/2022,14:15:00,414476,4440260,LOC,349,378,HA,230000228771,pass,32,Handheld,Recapture,adp,0,
150,7,Colorado River,Hitching Post,5/2/2022,14:15:00,414476,4440260,LOC,272,201,HA,230000228772,pass,32,Handheld,Recapture,adp,0,
151,7,Colorado River,Hitching Post,5/2/2022,14:15:00,414476,4440260,RBT,297,220,HA,230000228779,pass,32,Handheld,Recapture,adp,0,
152,7,Colorado River,Hitching Post,5/2/2022,14:15:00,414476,4440260,LOC,346,365,HA,230000228896,pass,32,Handheld,Recapture,adp,0,
153,7,Colorado River,Hitching Post,5/2/2022,14:15:00,414476,4440260,LOC,306,270,HA,230000228949,pass,32,Handheld,Recapture,adp,0,
154,7,Colorado River,Hitching Post,5/2/2022,14:15:00,414476,4440260,LOC,317,278,HA,230000272693,pass,32,Handheld,Recapture,adp,0,
155,15,Colorado River,Kinney Creek,5/2/2022,18:00:00,411432,4438897,LOC,368,505,HA,230000228990,pass,32,Handheld,Recapture,adp,0,
156,15,Colorado River,Kinney Creek,5/2/2022,18:00:00,411432,4438897,RBT,298,289,HA,230000229019,pass,32,Handheld,Recapture,adp,0,
157,15,Colorado River,Kinney Creek,5/2/2022,18:00:00,411432,4438897,LOC,377,488,HA,230000229050,pass,32,Handheld,Recapture,adp,0,
158,15,Colorado River,Kinney Creek,5/2/2022,18:00:00,411432,4438897,LOC,376,540,HA,230000229072,pass,32,Handheld,Recapture,adp,0,
159,15,Colorado River,Kinney Creek,5/2/2022,18:00:00,411432,4438897,LOC,264,202,HA,230000272419,pass,32,Handheld,Recapture,adp,0,
160,15,Colorado River,Kinney Creek,5/2/2022,18:00:00,411432,4438897,LOC,382,567,HA,230000272439,pass,32,Handheld,Recapture,adp,0,
161,15,Colorado River,Kinney Creek,5/2/2022,18:00:00,411432,4438897,LOC,358,464,HA,230000272560,pass,32,Handheld,Recapture,adp,0,
162,15,Colorado River,Kinney Creek,5/2/2022,18:00:00,411432,4438897,LOC,314,280,HA,230000272567,pass,32,Handheld,Recapture,adp,0,
163,15,Colorado River,Kinney Creek,5/2/2022,18:00:00,411432,4438897,LOC,380,523,HA,230000272663,pass,32,Handheld,Recapture,adp,0,
164,15,Colorado River,Kinney Creek,5/2/2022,18:00:00,411432,4438897,LOC,425,683,HA,230000272783,pass,32,Handheld,Recapture,adp,0,
165,15,Colorado River,Kinney Creek,5/2/2022,18:00:00,411432,4438897,LOC,354,465,HA,230000272799,pass,32,Handheld,Recapture,adp,0,
166,15,Colorado River,Kinney Creek,5/2/2022,18:00:00,411432,4438897,LOC,379,484,HA,230000272887,pass,32,Handheld,Recapture,adp,0,
167,10,Colorado River,Upper Red Barn Fry Site,5/5/2022,14:30:00,412728,4439665,LOC,376,522,HA,230000272142,pass,32,Handheld,Recapture,adp,0,
168,10,Colorado River,Upper Red Barn Fry Site,5/5/2022,14:30:00,412728,4439665,LOC,355,398,HA,230000272145,pass,32,Handheld,Recapture,adp,0,
169,10,Colorado River,Upper Red Barn Fry Site,5/5/2022,14:30:00,412728,4439665,LOC,322,322,HA,230000272220,pass,32,Handheld,Recapture,adp,0,
170,2,Fraser River,Fraser River Ranch,8/30/2022,12:00:00,417231,4438604,MTS,112,18,HA,226001581253,pass,12,Handheld,Recapture,right pelvic,0,
171,2,Fraser River,Fraser River Ranch,8/30/2022,12:00:00,417231,4438604,RBT,363,476,HA,230000224302,pass,32,Handheld,Recapture,adp,0,
172,2,Fraser River,Fraser River Ranch,8/30/2022,12:00:00,417231,4438604,RBT,418,686,HA,230000224305,pass,32,Handheld,Recapture,adp,0,
173,2,Fraser River,Fraser River Ranch,8/30/2022,12:00:00,417231,4438604,LOC,300,258,HA,230000224314,pass,32,Handheld,Recapture,adp,0,
174,2,Fraser River,Fraser River Ranch,8/30/2022,12:00:00,417231,4438604,LOC,348,452,HA,230000224320,pass,32,Handheld,Recapture,adp,0,
175,2,Fraser River,Fraser River Ranch,8/30/2022,12:00:00,417231,4438604,LOC,277,206,HA,230000224326,pass,32,Handheld,Recapture,adp,0,
176,2,Fraser River,Fraser River Ranch,8/30/2022,12:00:00,417231,4438604,LOC,339,398,HA,230000224329,pass,32,Handheld,Recapture,adp,0,
177,2,Fraser River,Fraser River Ranch,8/30/2022,12:00:00,417231,4438604,LOC,331,388,HA,230000224335,pass,32,Handheld,Recapture,adp,0,
178,2,Fraser River,Fraser River Ranch,8/30/2022,12:00:00,417231,4438604,LOC,319,366,HA,230000224339,pass,32,Handheld,Recapture,adp,0,
179,2,Fraser River,Fraser River Ranch,8/30/2022,12:00:00,417231,4438604,LOC,343,443,HA,230000224340,pass,32,Handheld,Recapture,adp,0,
180,2,Fraser River,Fraser River Ranch,8/30/2022,12:00:00,417231,4438604,LOC,363,454,HA,230000224343,pass,32,Handheld,Recapture,adp,0,
181,2,Fraser River,Fraser River Ranch,8/30/2022,12:00:00,417231,4438604,LOC,327,334,HA,230000224344,pass,32,Handheld,Recapture,adp,0,
182,2,Fraser River,Fraser River Ranch,8/30/2022,12:00:00,417231,4438604,LOC,409,688,HA,230000224352,pass,32,Handheld,Recapture,adp,0,
183,2,Fraser River,Fraser River Ranch,8/30/2022,12:00:00,417231,4438604,RBT,490,1060,HA,230000224358,pass,32,Handheld,Recapture,adp,0,
184,2,Fraser River,Fraser River Ranch,8/30/2022,12:00:00,417231,4438604,RBT,575,1399,HA,230000224359,pass,32,Handheld,Recapture,adp,0,
185,2,Fraser River,Fraser River Ranch,8/30/2022,12:00:00,417231,4438604,LOC,427,729,HA,230000224361,pass,32,Handheld,Recapture,adp,0,
186,2,Fraser River,Fraser River Ranch,8/30/2022,12:00:00,417231,4438604,LOC,307,288,HA,230000224362,pass,32,Handheld,Recapture,adp,0,
187,2,Fraser River,Fraser River Ranch,8/30/2022,12:00:00,417231,4438604,LOC,417,663,HA,230000224363,pass,32,Handheld,Recapture,adp,0,
188,2,Fraser River,Fraser River Ranch,8/30/2022,12:00:00,417231,4438604,LOC,352,485,HA,230000224383,pass,32,Handheld,Recapture,adp,0,
189,2,Fraser River,Fraser River Ranch,8/30/2022,12:00:00,417231,4438604,LOC,335,348,HA,230000224392,pass,32,Handheld,Recapture,adp,0,
190,2,Fraser River,Fraser River Ranch,8/30/2022,12:00:00,417231,4438604,LOC,327,365,HA,230000224393,pass,32,Handheld,Recapture,adp,0,
191,2,Fraser River,Fraser River Ranch,8/30/2022,12:00:00,417231,4438604,RBT,383,544,HA,230000228010,pass,32,Handheld,Recapture,adp,0,
192,2,Fraser River,Fraser River Ranch,8/30/2022,12:00:00,417231,4438604,LOC,424,697,HA,230000228026,pass,32,Handheld,Recapture,adp,0,
193,2,Fraser River,Fraser River Ranch,8/30/2022,12:00:00,417231,4438604,LOC,444,910,HA,230000228045,fail,32,Handheld,Recapture,adp,0,not denoted as recapture on data sheet
194,2,Fraser River,Fraser River Ranch,8/30/2022,12:00:00,417231,4438604,LOC,393,668,HA,230000228063,pass,32,Handheld,Recapture,adp,0,
195,2,Fraser River,Fraser River Ranch,8/30/2022,12:00:00,417231,4438604,RBT,362,466,HA,230000228122,pass,32,Handheld,Recapture,adp,0,
196,2,Fraser River,Fraser River Ranch,8/30/2022,12:00:00,417231,4438604,LOC,465,912,HA,230000228141,pass,32,Handheld,Recapture,adp,0,
197,2,Fraser River,Fraser River Ranch,8/30/2022,12:00:00,417231,4438604,LOC,352,536,HA,230000272798,pass,32,Handheld,Recapture,adp,0,
198,1,Fraser River,Kaibab Park,8/31/2022,12:00:00,420566,4437167,MTS,103,15,HA,226001581278,pass,12,Handheld,Recapture,right pelvic,0,
199,1,Fraser River,Kaibab Park,8/31/2022,12:00:00,420566,4437167,MTS,94,11,HA,226001581293,pass,12,Handheld,Recapture,right pelvic,0,
200,1,Fraser River,Kaibab Park,8/31/2022,12:00:00,420566,4437167,MTS,98,14,HA,226001581322,pass,12,Handheld,Recapture,right pelvic,0,
201,1,Fraser River,Kaibab Park,8/31/2022,12:00:00,420566,4437167,MTS,101,15,HA,226001581418,pass,12,Handheld,Recapture,right pelvic,0,
202,1,Fraser River,Kaibab Park,8/31/2022,12:00:00,420566,4437167,MTS,112,19,HA,226001581665,pass,12,Handheld,Recapture,right pelvic,0,
203,1,Fraser River,Kaibab Park,8/31/2022,12:00:00,420566,4437167,MTS,109,20,HA,226001581674,pass,12,Handheld,Recapture,right pelvic,0,
204,1,Fraser River,Kaibab Park,8/31/2022,12:00:00,420566,4437167,LOC,347,396,HA,230000224258,pass,32,Handheld,Recapture,adp,0,
205,1,Fraser River,Kaibab Park,8/31/2022,12:00:00,420566,4437167,LOC,258,179,HA,230000224272,pass,32,Handheld,Recapture,adp,0,
206,1,Fraser River,Kaibab Park,8/31/2022,12:00:00,420566,4437167,LOC,231,121,HA,230000224274,pass,32,Handheld,Recapture,adp,0,
207,1,Fraser River,Kaibab Park,8/31/2022,12:00:00,420566,4437167,LOC,224,113,HA,230000224281,pass,32,Handheld,Recapture,adp,0,
208,1,Fraser River,Kaibab Park,8/31/2022,12:00:00,420566,4437167,LOC,230,125,HA,230000224282,pass,32,Handheld,Recapture,adp,0,
209,1,Fraser River,Kaibab Park,8/31/2022,12:00:00,420566,4437167,LOC,251,156,HA,230000224285,pass,32,Handheld,Recapture,adp,0,
210,1,Fraser River,Kaibab Park,8/31/2022,12:00:00,420566,4437167,LOC,257,159,HA,230000224299,pass,32,Handheld,Recapture,adp,0,
211,1,Fraser River,Kaibab Park,8/31/2022,12:00:00,420566,4437167,LOC,248,161,HA,230000224413,pass,32,Handheld,Recapture,adp,0,
212,1,Fraser River,Kaibab Park,8/31/2022,12:00:00,420566,4437167,LOC,284,270,HA,230000224414,pass,32,Handheld,Recapture,adp,0,
213,1,Fraser River,Kaibab Park,8/31/2022,12:00:00,420566,4437167,LOC,263,179,HA,230000224418,pass,32,Handheld,Recapture,adp,0,
214,1,Fraser River,Kaibab Park,8/31/2022,12:00:00,420566,4437167,LOC,234,125,HA,230000224522,pass,32,Handheld,Recapture,adp,0,
215,1,Fraser River,Kaibab Park,8/31/2022,12:00:00,420566,4437167,LOC,243,143,HA,230000224523,pass,32,Handheld,Recapture,adp,0,
216,1,Fraser River,Kaibab Park,8/31/2022,12:00:00,420566,4437167,LOC,228,119,HA,230000224528,pass,32,Handheld,Recapture,adp,0,Two tags in fish; 230000143276
217,1,Fraser River,Kaibab Park,8/31/2022,12:00:00,420566,4437167,LOC,237,128,HA,230000224530,pass,32,Handheld,Recapture,adp,0,
218,1,Fraser River,Kaibab Park,8/31/2022,12:00:00,420566,4437167,LOC,210,97,HA,230000224532,pass,32,Handheld,Recapture,adp,0,
219,1,Fraser River,Kaibab Park,8/31/2022,12:00:00,420566,4437167,LOC,226,140,HA,230000224534,pass,32,Handheld,Recapture,adp,0,
220,1,Fraser River,Kaibab Park,8/31/2022,12:00:00,420566,4437167,LOC,228,124,HA,230000224537,pass,32,Handheld,Recapture,adp,0,
221,1,Fraser River,Kaibab Park,8/31/2022,12:00:00,420566,4437167,LOC,205,89,HA,230000224540,pass,32,Handheld,Recapture,adp,0,
222,1,Fraser River,Kaibab Park,8/31/2022,12:00:00,420566,4437167,LOC,290,231,HA,230000228108,pass,32,Handheld,Recapture,adp,0,
223,1,Fraser River,Kaibab Park,8/31/2022,12:00:00,420566,4437167,LOC,327,327,HA,230000228160,pass,32,Handheld,Recapture,adp,0,
224,1,Fraser River,Kaibab Park,8/31/2022,12:00:00,420566,4437167,LOC,300,259,HA,230000228161,pass,32,Handheld,Recapture,adp,0,
225,1,Fraser River,Kaibab Park,8/31/2022,12:00:00,420566,4437167,LOC,326,349,HA,230000228173,pass,32,Handheld,Recapture,adp,0,
226,1,Fraser River,Kaibab Park,8/31/2022,12:00:00,420566,4437167,LOC,280,228,HA,230000228178,pass,32,Handheld,Recapture,adp,0,
227,1,Fraser River,Kaibab Park,8/31/2022,12:00:00,420566,4437167,LOC,245,148,HA,230000228198,pass,32,Handheld,Recapture,adp,0,
228,1,Fraser River,Kaibab Park,8/31/2022,12:00:00,420566,4437167,LOC,324,353,HA,230000228217,pass,32,Handheld,Recapture,adp,0,
229,1,Fraser River,Kaibab Park,8/31/2022,12:00:00,420566,4437167,LOC,261,162,HA,230000228236,pass,32,Handheld,Recapture,adp,0,
230,1,Fraser River,Kaibab Park,8/31/2022,12:00:00,420566,4437167,LOC,281,214,HA,230000228271,pass,32,Handheld,Recapture,adp,0,
231,1,Fraser River,Kaibab Park,8/31/2022,12:00:00,420566,4437167,LOC,281,229,HA,230000228279,pass,32,Handheld,Recapture,adp,0,
232,1,Fraser River,Kaibab Park,8/31/2022,12:00:00,420566,4437167,LOC,280,249,HA,230000228280,pass,32,Handheld,Recapture,adp,0,
233,1,Fraser River,Kaibab Park,8/31/2022,12:00:00,420566,4437167,LOC,271,193,HA,230000228284,pass,32,Handheld,Recapture,adp,0,
234,1,Fraser River,Kaibab Park,8/31/2022,12:00:00,420566,4437167,LOC,281,242,HA,230000228294,pass,32,Handheld,Recapture,adp,0,
235,4,Colorado River,Lower River Run,10/4/2022,12:00:00,418178,4440020,MTS,137,32,HA,226001581308,pass,12,Handheld,Recapture,right pelvic,0,
236,4,Colorado River,Lower River Run,10/4/2022,12:00:00,418178,4440020,MTS,131,34,HA,226001581359,pass,12,Handheld,Recapture,right pelvic,0,
237,4,Colorado River,Lower River Run,10/4/2022,12:00:00,418178,4440020,MTS,128,30,HA,226001581426,pass,12,Handheld,Recapture,right pelvic,0,
238,4,Colorado River,Lower River Run,10/4/2022,12:00:00,418178,4440020,MTS,130,36,HA,226001581487,fail,12,Handheld,Recapture,right pelvic,0,"FinClip was incorrectly recorded as adp, changed it to right pelvic"
239,4,Colorado River,Lower River Run,10/4/2022,12:00:00,418178,4440020,LOC,347,392,HA,230000224110,pass,32,Handheld,Recapture,adp,0,
240,4,Colorado River,Lower River Run,10/4/2022,12:00:00,418178,4440020,LOC,372,480,HA,230000224135,pass,32,Handheld,Recapture,adp,0,
241,4,Colorado River,Lower River Run,10/4/2022,12:00:00,418178,4440020,LOC,247,156,HA,230000224160,pass,32,Handheld,Recapture,adp,1,
242,4,Colorado River,Lower River Run,10/4/2022,12:00:00,418178,4440020,LOC,391,531,HA,230000228246,pass,32,Handheld,Recapture,adp,0,
243,4,Colorado River,Lower River Run,10/4/2022,12:00:00,418178,4440020,LOC,447,913,HA,230000228316,pass,32,Handheld,Recapture,adp,0,
244,4,Colorado River,Lower River Run,10/4/2022,12:00:00,418178,4440020,LOC,342,381,HA,230000228360,pass,32,Handheld,Recapture,adp,0,
245,4,Colorado River,Lower River Run,10/4/2022,12:00:00,418178,4440020,LOC,324,344,HA,230000228370,pass,32,Handheld,Recapture,adp,0,
246,4,Colorado River,Lower River Run,10/4/2022,12:00:00,418178,4440020,LOC,367,462,HA,230000228389,pass,32,Handheld,Recapture,adp,0,
247,4,Colorado River,Lower River Run,10/4/2022,12:00:00,418178,4440020,LOC,374,482,HA,230000228413,pass,32,Handheld,Recapture,adp,0,
248,3,Colorado River,Upper River Run,10/4/2022,16:30:00,418835,4439975,LOC,379,566,HA,230000224201,pass,32,Handheld,Recapture,adp,0,
249,3,Colorado River,Upper River Run,10/4/2022,16:30:00,418835,4439975,LOC,366,528,HA,230000224230,pass,32,Handheld,Recapture,adp,0,
250,3,Colorado River,Upper River Run,10/4/2022,16:30:00,418835,4439975,LOC,361,484,HA,230000224232,pass,32,Handheld,Recapture,adp,0,
251,3,Colorado River,Upper River Run,10/4/2022,16:30:00,418835,4439975,LOC,402,624,HA,230000224253,pass,32,Handheld,Recapture,adp,0,
252,3,Colorado River,Upper River Run,10/4/2022,16:30:00,418835,4439975,LOC,307,320,HA,230000228348,pass,32,Handheld,Recapture,adp,0,
253,3,Colorado River,Upper River Run,10/4/2022,16:30:00,418835,4439975,LOC,436,444,HA,230000228456,pass,32,Handheld,Recapture,right pelvic + adp,0,RP
254,3,Colorado River,Upper River Run,10/4/2022,16:30:00,418835,4439975,LOC,414,706,HA,230000228495,pass,32,Handheld,Recapture,adp,0,
255,3,Colorado River,Upper River Run,10/4/2022,16:30:00,418835,4439975,LOC,348,476,HA,230000228585,pass,32,Handheld,Recapture,adp,0,
256,6,Colorado River,Windy Gap Dam,10/5/2022,12:00:00,416101,4440146,LOC,282,211,HA,230000142916,pass,32,Handheld,Recapture,adp,0,
257,6,Colorado River,Windy Gap Dam,10/5/2022,12:00:00,416101,4440146,LOC,352,459,HA,230000224015,pass,32,Handheld,Recapture,adp,0,
258,6,Colorado River,Windy Gap Dam,10/5/2022,12:00:00,416101,4440146,LOC,404,641,HA,230000224034,pass,32,Handheld,Recapture,adp,0,
259,6,Colorado River,Windy Gap Dam,10/5/2022,12:00:00,416101,4440146,LOC,321,296,HA,230000224042,pass,32,Handheld,Recapture,adp,0,
260,6,Colorado River,Windy Gap Dam,10/5/2022,12:00:00,416101,4440146,LOC,404,612,HA,230000224072,pass,32,Handheld,Recapture,adp,0,
261,6,Colorado River,Windy Gap Dam,10/5/2022,12:00:00,416101,4440146,LOC,510,946,HA,230000224081,pass,32,Handheld,Recapture,adp,0,
262,6,Colorado River,Windy Gap Dam,10/5/2022,12:00:00,416101,4440146,LOC,427,700,HA,230000228535,pass,32,Handheld,Recapture,adp,0,
263,6,Colorado River,Windy Gap Dam,10/5/2022,12:00:00,416101,4440146,LOC,377,509,HA,230000272282,pass,32,Handheld,Recapture,adp,0,
264,6,Colorado River,Windy Gap Dam,10/5/2022,12:00:00,416101,4440146,LOC,383,529,HA,230000272464,pass,32,Handheld,Recapture,adp,0,
265,9,Colorado River,Chimney Rock Below Island,6/5/2023,12:00:00,413330,4440059,LOC,375,511,HA,230000142618,pass,32,Handheld,Recapture,adp,0,
266,9,Colorado RIver,Chimney Rock Below Island,6/5/2023,11:45:00,413330,4440059,LOC,397,605,HA,230000142667,pass,32,Handheld,Recapture,adp,0,
267,9,Colorado River,Chimney Rock Below Island,6/5/2023,11:45:00,413330,4440059,LOC,392,736,HA,230000142689,pass,32,Handheld,Recapture,adp,0,
268,9,Colorado River,Chimney Rock Below Island,6/5/2023,11:45:00,413330,4440059,LOC,375,526,HA,230000224065,pass,32,Handheld,Recapture,adp,0,
269,9,Colorado River,Chimney Rock Below Island,6/5/2023,11:45:00,413330,4440059,LOC,390,579,HA,230000272038,pass,32,Handheld,Recapture,adp,0,Wounded recap
270,9,Colorado River,Chimney Rock Below Island,6/5/2023,11:45:00,413330,4440059,LOC,364,545,HA,230000272915,pass,32,Handheld,Recapture,adp,0,
271,11,Colorado River,Pool Above Red Barn Antenna,6/5/2023,12:30:00,412550,4439453,LOC,348,393,HA,230000143296,pass,32,Handheld,Recapture,adp,0,
272,11,Colorado River,Pool Above Red Barn Antenna,6/5/2023,12:30:00,412550,4439453,LOC,323,352,HA,230000143298,pass,32,Handheld,Recapture,adp,0,
273,11,Colorado River,Pool Above Red Barn Antenna,6/5/2023,12:30:00,412550,4439453,RBT,323,377,HA,230000143398,pass,32,Handheld,Recapture,adp,0,
274,11,Colorado River,Pool Above Red Barn Antenna,6/5/2023,12:30:00,412550,4439453,RBT,333,362,HA,230000143405,pass,32,Handheld,Recapture,adp,0,
275,11,Colorado River,Pool Above Red Barn Antenna,6/5/2023,12:30:00,412550,4439453,LOC,331,288,HA,230000143662,pass,32,Handheld,Recapture,adp,0,
276,11,Colorado River,Pool Above Red Barn Antenna,6/5/2023,12:30:00,412550,4439453,RBT,370,547,HA,230000224483,pass,32,Handheld,Recapture,adp,0,
277,12,Colorado River,Lower Red Barn Fry Site,6/5/2023,13:00:00,412335,4439368,LOC,389,584,HA,230000143254,pass,32,Handheld,Recapture,adp,0,
278,12,Colorado River,Lower Red Barn Fry Site,6/5/2023,13:00:00,412335,4439368,RBT,411,825,HA,230000143683,pass,32,Handheld,Recapture,adp,0,
279,15,Colorado River,Kinney Creek,6/5/2023,13:30:00,411432,4438897,RBT,312,348,HA,226001581424,fail,12,Handheld,Recapture,adp,0,Corrected date
280,15,Colorado River,Kinney Creek,6/5/2023,13:30:00,411432,4438897,LOC,261,174,HA,230000143482,pass,32,Handheld,Recapture,adp,0,
281,15,Colorado River,Kinney Creek,6/5/2023,13:30:00,411432,4438897,LOC,394,573,HA,230000272466,pass,32,Handheld,Recapture,adp,0,
282,15,Colorado River,Kinney Creek,6/5/2023,13:30:00,411432,4438897,LOC,440,776,HA,230000272541,pass,32,Handheld,Recapture,adp,0,
283,17,Colorado River,Sheriff Ranch Upper Field,6/5/2023,14:15:00,410165,4438558,LOC,415,768,HA,230000272831,pass,32,Handheld,Recapture,adp,0,
284,9,Colorado River,Chimney Rock Below Island,6/7/2023,11:15:00,413330,4440059,LOC,391,543,HA,230000142617,pass,32,Handheld,Recapture,adp,0,
285,9,Colorado River,Chimney Rock Below Island,6/7/2023,11:15:00,413330,4440059,LOC,380,517,HA,230000142638,pass,32,Handheld,Recapture,adp,0,
286,9,Colorado River,Chimney Rock Below Island,6/7/2023,11:15:00,413330,4440059,LOC,406,617,HA,230000142716,pass,32,Handheld,Recapture,adp,0,
287,9,Colorado River,Chimney Rock Below Island,6/7/2023,11:15:00,413330,4440059,RBT,287,304,HA,230000143400,pass,32,Handheld,Recapture,adp,0,
288,9,Colorado River,Chimney Rock Below Island,6/7/2023,11:15:00,413330,4440059,LOC,441,777,HA,230000224098,pass,32,Handheld,Recapture,adp,0,
289,11,Colorado River,Pool Above Red Barn Antenna,6/7/2023,12:00:00,412550,4439453,RBT,307,359,HA,226001581358,pass,32,Handheld,Recapture,adp,0,
290,11,Colorado River,Pool Above Red Barn Antenna,6/7/2023,12:00:00,412550,4439453,LOC,389,608,HA,230000143295,pass,32,Handheld,Recapture,adp,0,
291,11,Colorado River,Pool Above Red Barn Antenna,6/7/2023,12:00:00,412550,4439453,LOC,422,759,HA,230000143350,pass,32,Handheld,Recapture,adp,0,
292,11,Colorado River,Pool Above Red Barn Antenna,6/7/2023,12:00:00,412550,4439453,LOC,405,646,HA,230000143368,pass,32,Handheld,Recapture,adp,0,
293,11,Colorado River,Pool Above Red Barn Antenna,6/7/2023,12:00:00,412550,4439453,RBT,367,525,HA,230000224483,pass,32,Handheld,Recapture,adp,0,
294,11,Colorado River,Pool Above Red Barn Antenna,6/7/2023,12:00:00,412550,4439453,LOC,365,508,HA,230000228818,pass,32,Handheld,Recapture,adp,0,
295,12,Colorado River,Lower Red Barn Fry Site,6/7/2023,13:00:00,412335,4439368,LOC,361,451,HA,230000143579,pass,32,Handheld,Recapture,adp,0,
296,15,Colorado River,Kinney Creek,6/7/2023,14:00:00,411432,4438897,RBT,382,492,HA,230000143437,pass,32,Handheld,Recapture,adp,0,
297,15,Colorado River,Kinney Creek,6/7/2023,14:00:00,411432,4438897,LOC,402,601,HA,230000143487,pass,32,Handheld,Recapture,adp,0,
298,15,Colorado River,Kinney Creek,6/7/2023,14:00:00,411432,4438897,LOC,395,596,HA,230000272464,pass,32,Handheld,Recapture,adp,0,
299,19,Colorado River,Sheriff Ranch Fry Site,6/7/2023,15:45:00,409096,4438050,LOC,375,499,HA,230000272729,pass,32,Handheld,Recapture,adp,0,
300,2,Fraser River,Fraser River Ranch,9/5/2023,13:00:00,417229,4438617,LOC,421,496,HA,230000143147,pass,32,Handheld,Recapture,adp,0,
301,2,Fraser River,Fraser River Ranch,9/5/2023,13:00:00,417229,4438617,LOC,422,767,HA,230000143157,pass,32,Handheld,Recapture,adp,0,
302,2,Fraser River,Fraser River Ranch,9/5/2023,13:00:00,417229,4438617,LOC,408,620,HA,230000143173,pass,32,Handheld,Recapture,adp,0,
303,2,Fraser River,Fraser River Ranch,9/5/2023,13:00:00,417229,4438617,LOC,323,357,HA,230000143208,pass,32,Handheld,Recapture,adp,0,
304,2,Fraser River,Fraser River Ranch,9/5/2023,13:00:00,417229,4438617,RBT,402,650,HA,230000143217,pass,32,Handheld,Recapture,adp,0,
305,2,Fraser River,Fraser River Ranch,9/5/2023,13:00:00,417229,4438617,LOC,363,533,HA,230000143219,pass,32,Handheld,Recapture,adp,0,
306,2,Fraser River,Fraser River Ranch,9/5/2023,13:00:00,417229,4438617,RBT,393,623,HA,230000143224,pass,32,Handheld,Recapture,adp,0,
307,2,Fraser River,Fraser River Ranch,9/5/2023,13:00:00,417229,4438617,LOC,384,548,HA,230000143232,pass,32,Handheld,Recapture,adp,0,
308,2,Fraser River,Fraser River Ranch,9/5/2023,13:00:00,417229,4438617,LOC,362,475,HA,230000143236,pass,32,Handheld,Recapture,adp,0,
309,2,Fraser River,Fraser River Ranch,9/5/2023,13:00:00,417229,4438617,RBT,655,426,HA,230000224305,pass,32,Handheld,Recapture,adp,0,
310,2,Fraser River,Fraser River Ranch,9/5/2023,13:00:00,417229,4438617,LOC,349,383,HA,230000224326,pass,32,Handheld,Recapture,adp,0,
311,2,Fraser River,Fraser River Ranch,9/5/2023,13:00:00,417229,4438617,LOC,389,595,HA,230000224329,pass,32,Handheld,Recapture,adp,0,
312,2,Fraser River,Fraser River Ranch,9/5/2023,13:00:00,417229,4438617,LOC,415,732,HA,230000224343,pass,32,Handheld,Recapture,adp,0,
313,2,Fraser River,Fraser River Ranch,9/5/2023,13:00:00,417229,4438617,LOC,381,564,HA,230000224344,pass,32,Handheld,Recapture,adp,0,
314,2,Fraser River,Fraser River Ranch,9/5/2023,13:00:00,417229,4438617,LOC,399,740,HA,230000224393,pass,32,Handheld,Recapture,adp,0,
315,2,Fraser River,Fraser River Ranch,9/5/2023,13:00:00,417229,4438617,LOC,357,453,HA,230000224401,pass,32,Handheld,Recapture,adp,0,
316,2,Fraser River,Fraser River Ranch,9/5/2023,13:00:00,417229,4438617,RBT,391,568,HA,230000228010,pass,32,Handheld,Recapture,adp,0,
317,2,Fraser River,Fraser River Ranch,9/5/2023,13:00:00,417229,4438617,LOC,483,1048,HA,230000228026,pass,32,Handheld,Recapture,adp,0,
318,2,Fraser River,Fraser River Ranch,9/5/2023,13:00:00,417229,4438617,LOC,406,687,HA,230000228063,pass,32,Handheld,Recapture,adp,0,
319,2,Fraser River,Fraser River Ranch,9/5/2023,13:00:00,417229,4438617,LOC,408,716,HA,230000228151,pass,32,Handheld,Recapture,adp,0,
320,2,Fraser River,Fraser River Ranch,9/5/2023,13:00:00,417229,4438617,LOC,374,640,HA,230000272798,pass,32,Handheld,Recapture,adp,0,
321,1,Fraser River,Kaibab Park,9/6/2023,13:00:00,420626,4437179,MTS,110,19,HA,226001581083,pass,12,Handheld,Recapture,right pelvic,0,
322,1,Fraser River,Kaibab Park,9/6/2023,13:00:00,420626,4437179,MTS,100,9,HA,226001581108,pass,12,Handheld,Recapture,right pelvic,0,
323,1,Fraser River,Kaibab Park,9/6/2023,13:00:00,420626,4437179,MTS,110,19,HA,226001581230,pass,12,Handheld,Recapture,right pelvic,0,
324,1,Fraser River,Kaibab Park,9/6/2023,13:00:00,420626,4437179,MTS,107,17,HA,226001581418,pass,12,Handheld,Recapture,right pelvic,0,
325,1,Fraser River,Kaibab Park,9/6/2023,13:00:00,420626,4437179,MTS,110,20,HA,226001581544,pass,12,Handheld,Recapture,right pelvic,0,
326,1,Fraser River,Kaibab Park,9/6/2023,13:00:00,420626,4437179,MTS,105,15,HA,226001581745,pass,12,Handheld,Recapture,right pelvic,0,
327,1,Fraser River,Kaibab Park,9/6/2023,13:00:00,420626,4437179,LOC,226,108,HA,230000143116,pass,32,Handheld,Recapture,adp,0,
328,1,Fraser River,Kaibab Park,9/6/2023,13:00:00,420626,4437179,LOC,232,122,HA,230000143126,pass,32,Handheld,Recapture,adp,0,
329,1,Fraser River,Kaibab Park,9/6/2023,13:00:00,420626,4437179,LOC,284,237,HA,230000143128,pass,32,Handheld,Recapture,adp,0,
330,1,Fraser River,Kaibab Park,9/6/2023,13:00:00,420626,4437179,LOC,234,106,HA,230000143130,pass,32,Handheld,Recapture,adp,0,
331,1,Fraser River,Kaibab Park,9/6/2023,13:00:00,420626,4437179,LOC,264,161,HA,230000143193,pass,32,Handheld,Recapture,adp,0,
332,1,Fraser River,Kaibab Park,9/6/2023,13:00:00,420626,4437179,LOC,222,104,HA,230000143199,pass,32,Handheld,Recapture,adp,0,
333,1,Fraser River,Kaibab Park,9/6/2023,13:00:00,420626,4437179,LOC,225,106,HA,230000143277,pass,32,Handheld,Recapture,adp,0,
334,1,Fraser River,Kaibab Park,9/6/2023,13:00:00,420626,4437179,LOC,302,243,HA,230000143321,pass,32,Handheld,Recapture,adp,0,
335,1,Fraser River,Kaibab Park,9/6/2023,13:00:00,420626,4437179,LOC,234,113,HA,230000143324,pass,32,Handheld,Recapture,adp,0,
336,1,Fraser River,Kaibab Park,9/6/2023,13:00:00,420626,4437179,LOC,273,180,HA,230000143326,pass,32,Handheld,Recapture,adp,0,
337,1,Fraser River,Kaibab Park,9/6/2023,13:00:00,420626,4437179,LOC,280,218,HA,230000143331,pass,32,Handheld,Recapture,adp,0,
338,1,Fraser River,Kaibab Park,9/6/2023,13:00:00,420626,4437179,LOC,254,147,HA,230000224275,pass,32,Handheld,Recapture,adp,0,
339,1,Fraser River,Kaibab Park,9/6/2023,13:00:00,420626,4437179,LOC,281,202,HA,230000224282,pass,32,Handheld,Recapture,adp,0,
340,1,Fraser River,Kaibab Park,9/6/2023,13:00:00,420626,4437179,LOC,385,542,HA,230000224290,pass,32,Handheld,Recapture,adp,0,
341,1,Fraser River,Kaibab Park,9/6/2023,13:00:00,420626,4437179,LOC,313,330,HA,230000224414,pass,32,Handheld,Recapture,adp,0,
342,1,Fraser River,Kaibab Park,9/6/2023,13:00:00,420626,4437179,LOC,308,283,HA,230000224418,pass,32,Handheld,Recapture,adp,0,
343,1,Fraser River,Kaibab Park,9/6/2023,13:00:00,420626,4437179,LOC,282,217,HA,230000224526,pass,32,Handheld,Recapture,adp,0,
344,1,Fraser River,Kaibab Park,9/6/2023,13:00:00,420626,4437179,LOC,287,209,HA,230000224530,pass,32,Handheld,Recapture,adp,0,
345,1,Fraser River,Kaibab Park,9/6/2023,13:00:00,420626,4437179,LOC,279,191,HA,230000224534,pass,32,Handheld,Recapture,adp,0,
346,1,Fraser River,Kaibab Park,9/6/2023,13:00:00,420626,4437179,LOC,286,223,HA,230000224537,pass,32,Handheld,Recapture,adp,0,
347,1,Fraser River,Kaibab Park,9/6/2023,13:00:00,420626,4437179,LOC,295,259,HA,230000228153,pass,32,Handheld,Recapture,adp,0,
348,1,Fraser River,Kaibab Park,9/6/2023,13:00:00,420626,4437179,LOC,356,404,HA,230000228160,pass,32,Handheld,Recapture,adp,0,
349,1,Fraser River,Kaibab Park,9/6/2023,13:00:00,420626,4437179,LOC,325,341,HA,230000228161,pass,32,Handheld,Recapture,adp,0,
350,1,Fraser River,Kaibab Park,9/6/2023,13:00:00,420626,4437179,LOC,307,300,HA,230000228280,pass,32,Handheld,Recapture,adp,0,
351,1,Fraser River,Kaibab Park,9/6/2023,13:00:00,420626,4437179,LOC,289,220,HA,230000228236,pass,32,Handheld,Recapture,adp,0,
352,1,Fraser River,Kaibab Park,9/6/2023,13:00:00,420626,4437179,LOC,311,320,HA,230000228271,pass,32,Handheld,Recapture,adp,0,
353,1,Fraser River,Kaibab Park,9/6/2023,13:00:00,420626,4437179,LOC,341,360,HA,230000228281,pass,32,Handheld,Recapture,adp,0,
354,1,Fraser River,Kaibab Park,9/6/2023,13:00:00,420626,4437179,LOC,308,303,HA,230000228294,pass,32,Handheld,Recapture,adp,0,
355,3,Colorado River,Upper River Run,10/3/2023,12:00:00,418781,4440027,MTS,129,36,HA,226001581393,pass,12,Handheld,Recapture,right pelvic,0,
356,3,Colorado River,Upper River Run,10/3/2023,12:00:00,418781,4440027,LOC,445,943,HA,230000143500,fail,32,Handheld,Recapture,adp,0,Corrected TAG ID on 11/22/2023. Previous ID was 230000144347. 
357,3,Colorado River,Upper River Run,10/3/2023,12:00:00,418781,4440027,LOC,356,444,HA,230000143554,pass,32,Handheld,Recapture,adp,0,
358,3,Colorado River,Upper River Run,10/3/2023,12:00:00,418781,4440027,LOC,411,698,HA,230000143563,pass,32,Handheld,Recapture,adp,0,
359,3,Colorado River,Upper River Run,10/3/2023,12:00:00,418781,4440027,LOC,345,397,HA,230000143575,pass,32,Handheld,Recapture,adp,0,
360,3,Colorado River,Upper River Run,10/3/2023,12:00:00,418781,4440027,LOC,412,784,HA,230000224228,pass,32,Handheld,Recapture,adp,0,
361,3,Colorado River,Upper River Run,10/3/2023,12:00:00,418781,4440027,LOC,382,545,HA,230000224232,pass,32,Handheld,Recapture,adp,0,
362,3,Colorado River,Upper River Run,10/3/2023,12:00:00,418781,4440027,RBT,407,737,HA,230000224261,pass,32,Handheld,Recapture,adp,0,
363,3,Colorado River,Upper River Run,10/3/2023,12:00:00,418781,4440027,LOC,453,957,HA,230000228456,pass,32,Handheld,Recapture,adp,0,
364,3,Colorado River,Upper River Run,10/3/2023,12:00:00,418781,4440027,LOC,390,600,HA,230000228585,fail,32,Handheld,Recapture,adp,0,Failed to enter fish information into excel file
365,3,Colorado River,Upper River Run,10/3/2023,12:00:00,418781,4440027,LOC,387,594,HA,230000228615,pass,32,Handheld,Recapture,adp,0,
366,4,Colorado River,Lower River Run,10/3/2023,14:00:00,418207,4439939,MTS,126,35,HA,226001581140,pass,12,Handheld,Recapture,right pelvic,0,
367,4,Colorado River,Lower River Run,10/3/2023,14:00:00,418207,4439939,MTS,123,21,HA,226001581285,pass,12,Handheld,Recapture,right pelvic,0,
368,4,Colorado River,Lower River Run,10/3/2023,14:00:00,418207,4439939,MTS,127,28,HA,226001581290,pass,12,Handheld,Recapture,right pelvic,0,
369,4,Colorado River,Lower River Run,10/3/2023,14:00:00,418207,4439939,MTS,131,29,HA,226001581365,pass,12,Handheld,Recapture,right pelvic,0,
370,4,Colorado River,Lower River Run,10/3/2023,14:00:00,418207,4439939,MTS,138,36,HA,226001581450,pass,12,Handheld,Recapture,right pelvic,0,
371,4,Colorado River,Lower River Run,10/3/2023,14:00:00,418207,4439939,LOC,334,328,HA,230000143011,pass,32,Handheld,Recapture,adp,0,
372,4,Colorado River,Lower River Run,10/3/2023,14:00:00,418207,4439939,LOC,256,165,HA,230000143020,fail,32,Handheld,Recapture,adp,0,Failed to enter fish information into excel file
373,4,Colorado River,Lower River Run,10/3/2023,14:00:00,418207,4439939,LOC,269,204,HA,230000143027,pass,32,Handheld,Recapture,adp,0,
374,4,Colorado River,Lower River Run,10/3/2023,14:00:00,418207,4439939,LOC,271,218,HA,230000143038,fail,32,Handheld,Recapture,adp,0,Failed to enter fish information into excel file
375,4,Colorado River,Lower River Run,10/3/2023,14:00:00,418207,4439939,LOC,330,338,HA,230000143056,pass,32,Handheld,Recapture,adp,0,
376,4,Colorado River,Lower River Run,10/3/2023,14:00:00,418207,4439939,LOC,344,367,HA,230000143066,pass,32,Handheld,Recapture,adp,0,
377,4,Colorado River,Lower River Run,10/3/2023,14:00:00,418207,4439939,LOC,291,261,HA,230000143075,pass,32,Handheld,Recapture,adp,0,
378,4,Colorado River,Lower River Run,10/3/2023,14:00:00,418207,4439939,LOC,271,224,HA,230000143081,pass,32,Handheld,Recapture,adp,0,
379,4,Colorado River,Lower River Run,10/3/2023,14:00:00,418207,4439939,LOC,460,1075,HA,230000143098,pass,32,Handheld,Recapture,adp,0,
380,4,Colorado River,Lower River Run,10/3/2023,14:00:00,418207,4439939,LOC,270,187,HA,230000143101,pass,32,Handheld,Recapture,adp,0,
381,4,Colorado River,Lower River Run,10/3/2023,14:00:00,418207,4439939,LOC,446,874,HA,230000224131,fail,32,Handheld,Recapture,adp,0,Corrected TAG ID on 11/22/2023. Previous ID was 230000223131.
382,4,Colorado River,Lower River Run,10/3/2023,14:00:00,418207,4439939,LOC,377,546,HA,230000228369,pass,32,Handheld,Recapture,adp,0,
383,4,Colorado River,Lower River Run,10/3/2023,14:00:00,418207,4439939,LOC,425,756,HA,230000228414,pass,32,Handheld,Recapture,adp,0,
384,6,Colorado River,Windy Gap Dam,10/4/2023,12:00:00,416101,4440146,LOC,396,585,HA,230000143362,fail,32,Handheld,Recapture,adp,0,Corrected TAG ID on 11/22/2023. Previous ID was 230000143262
385,6,Colorado River,Windy Gap Dam,10/4/2023,12:00:00,416101,4440146,LOC,384,507,HA,230000143416,pass,32,Handheld,Recapture,adp,0,
386,6,Colorado River,Windy Gap Dam,10/4/2023,12:00:00,416101,4440146,LOC,364,419,HA,230000143609,pass,32,Handheld,Recapture,adp,0,
387,6,Colorado River,Windy Gap Dam,10/4/2023,12:00:00,416101,4440146,LOC,310,260,HA,230000143614,pass,32,Handheld,Recapture,adp,0,
388,6,Colorado River,Windy Gap Dam,10/4/2023,12:00:00,416101,4440146,LOC,320,293,HA,230000143660,pass,32,Handheld,Recapture,adp,0,
389,6,Colorado River,Windy Gap Dam,10/4/2023,12:00:00,416101,4440146,LOC,350,443,HA,230000144396,pass,32,Handheld,Recapture,adp,0,
390,6,Colorado River,Windy Gap Dam,10/4/2023,12:00:00,416101,4440146,LOC,397,600,HA,230000224065,pass,32,Handheld,Recapture,adp,0,
391,6,Colorado River,Windy Gap Dam,10/4/2023,12:00:00,416101,4440146,LOC,366,490,HA,230000228949,pass,32,Handheld,Recapture,adp,0,
392,6,Colorado River,Windy Gap Dam,10/4/2023,12:00:00,416101,4440146,LOC,374,493,HA,230000229027,pass,32,Handheld,Recapture,adp,0,
393,6,Colorado River,Windy Gap Dam,10/4/2023,12:00:00,416101,4440146,LOC,386,585,HA,230000272282,pass,32,Handheld,Recapture,adp,0,
394,6,Colorado River,Windy Gap Dam,10/4/2023,12:00:00,416101,4440146,LOC,399,617,HA,230000272794,pass,32,Handheld,Recapture,adp,0,
395,6,Colorado River,Windy Gap Dam,10/4/2023,12:00:00,416101,4440146,LOC,446,784,HA,230000285535,pass,32,Handheld,Recapture,adp,0,
396,9,Colorado River,Chimney Rock Below Island,5/14/2024,9:00:00,413330,4440059,RBT,433,,HA,230000144496,pass,32,Handheld,Recapture,adp,0,
397,9,Colorado River,Chimney Rock Below Island,5/14/2024,9:00:00,413330,4440059,LOC,348,,HA,230000142922,pass,32,Handheld,Recapture,adp,0,
398,9,Colorado River,Chimney Rock Below Island,5/14/2024,9:00:00,413330,4440059,RBT,364,,HA,230000144494,pass,32,Handheld,Recapture,adp,0,
399,11,Colorado River,Pool Above Red Barn Antenna,5/14/2024,10:00:00,412550,4439453,LOC,366,,HA,230000143662,pass,32,Handheld,Recapture,adp,0,
400,11,Colorado River,Pool Above Red Barn Antenna,5/14/2024,10:00:00,412550,4439453,LOC,360,,HA,230000143272,pass,32,Handheld,Recapture,adp,0,
401,11,Colorado River,Pool Above Red Barn Antenna,5/14/2024,10:00:00,412550,4439453,LOC,359,,HA,230000144464,pass,32,Handheld,Recapture,adp,0,
402,11,Colorado River,Pool Above Red Barn Antenna,5/14/2024,10:00:00,412550,4439453,LOC,377,,HA,230000143296,pass,32,Handheld,Recapture,adp,0,
403,11,Colorado River,Pool Above Red Barn Antenna,5/14/2024,10:00:00,412550,4439453,LOC,351,,HA,230000144396,pass,32,Handheld,Recapture,adp,0,
404,11,Colorado River,Pool Above Red Barn Antenna,5/14/2024,10:00:00,412550,4439453,RBT,380,,HA,230000142696,pass,32,Handheld,Recapture,adp,0,
405,11,Colorado River,Pool Above Red Barn Antenna,5/14/2024,10:00:00,412550,4439453,RBT,378,,HA,230000142845,pass,32,Handheld,Recapture,adp,0,
406,14,Colorado River,Below Red Barn Diversion #2,5/14/2024,11:00:00,411887,4438898,LOC,390,542,HA,230000143396,pass,32,Handheld,Recapture,adp,0,
407,14,Colorado River,Below Red Barn Diversion #2,5/14/2024,11:00:00,411887,4438898,RBT,314,,HA,230000144445,pass,32,Handheld,Recapture,adp,0,
408,14,Colorado River,Below Red Barn Diversion #2,5/14/2024,11:00:00,411887,4438898,LOC,372,,HA,230000228818,pass,32,Handheld,Recapture,adp,0,
409,14,Colorado River,Below Red Barn Diversion #2,5/14/2024,11:00:00,411887,4438898,LOC,406,,HA,230000272464,pass,32,Handheld,Recapture,adp,0,
410,16,Colorado River,Dark Timber Above Railroad,5/14/2024,12:00:00,410945,4438654,RBT,350,,HA,230000144454,pass,32,Handheld,Recapture,adp,0,
411,16,Colorado River,Dark Timber Above Railroad,5/14/2024,12:00:00,410945,4438654,RBT,362,,HA,230000144472,pass,32,Handheld,Recapture,adp,0,
412,16,Colorado River,Dark Timber Above Railroad,5/14/2024,12:00:00,410945,4438654,RBT,346,,HA,230000144451,pass,32,Handheld,Recapture,adp,0,
413,17,Colorado River,Sheriff Ranch Upper Field,5/14/2024,13:00:00,410165,4438558,RBT,386,,HA,230000144422,pass,32,Handheld,Recapture,adp,0,
414,17,Colorado River,Sheriff Ranch Upper Field,5/14/2024,13:00:00,410165,4438558,LOC,411,,HA,230000272620,pass,32,Handheld,Recapture,adp,0,
415,19,Colorado River,Sheriff Ranch Fry Site,5/14/2024,14:00:00,409096,4438050,RBT,377,,HA,230000224464,pass,32,Handheld,Recapture,adp,0,
416,10,Colorado River,Upper Red Barn Fry Site,5/16/2024,9:00:00,412728,4439665,RBT,370,523,HA,230000144400,pass,32,Handheld,Recapture,adp,0,
417,10,Colorado River,Upper Red Barn Fry Site,5/16/2024,9:00:00,412728,4439665,LOC,375,579,HA,230000142873,pass,32,Handheld,Recapture,adp,0,
418,10,Colorado River,Upper Red Barn Fry Site,5/16/2024,9:00:00,412728,4439665,LOC,400,551,HA,230000087460,pass,32,Handheld,Recapture,adp,0,
419,10,Colorado River,Upper Red Barn Fry Site,5/16/2024,9:00:00,412728,4439665,RBT,391,632,HA,230000144484,pass,32,Handheld,Recapture,adp,0,
420,11,Colorado River,Pool Above Red Barn Antenna,5/16/2024,9:30:00,412550,4439453,RBT,355,525,HA,230000143398,pass,32,Handheld,Recapture,adp,0,
421,11,Colorado River,Pool Above Red Barn Antenna,5/16/2024,9:30:00,412550,4439453,LOC,447,708,HA,230000228535,pass,32,Handheld,Recapture,adp,0,
422,11,Colorado River,Pool Above Red Barn Antenna,5/16/2024,9:30:00,412550,4439453,LOC,355,519,HA,230000144464,pass,32,Handheld,Recapture,adp,0,
423,11,Colorado River,Pool Above Red Barn Antenna,5/16/2024,9:30:00,412550,4439453,RBT,415,762,HA,230000144465,pass,32,Handheld,Recapture,adp,0,
424,14,Colorado River,Below Red Barn Diversion #2,5/16/2024,11:00:00,411887,4438898,LOC,393,542,HA,230000143396,pass,32,Handheld,Recapture,adp,0,
425,17,Colorado River,Sheriff Ranch Upper Field,5/16/2024,12:30:00,410165,4438558,RBT,363,498,HA,230000144406,pass,32,Handheld,Recapture,adp,0,
426,2,Fraser River,Fraser River Ranch,9/3/2024,12:30:00,417229,4438617,LOC,427,794,HA,230000224329,,32,Handheld,Recapture,adp,0,
427,2,Fraser River,Fraser River Ranch,9/3/2024,12:30:00,417229,4438617,LOC,371,546,HA,230000143740,,32,Handheld,Recapture,adp,0,
428,2,Fraser River,Fraser River Ranch,9/3/2024,12:30:00,417229,4438617,LOC,404,578,HA,230000143815,,32,Handheld,Recapture,adp,0,
429,2,Fraser River,Fraser River Ranch,9/3/2024,12:30:00,417229,4438617,RBT,418,784,HA,230000143217,,32,Handheld,Recapture,adp,0,
430,2,Fraser River,Fraser River Ranch,9/3/2024,12:30:00,417229,4438617,LOC,339,381,HA,230000143783,,32,Handheld,Recapture,adp,0,
431,2,Fraser River,Fraser River Ranch,9/3/2024,12:30:00,417229,4438617,LOC,294,228,HA,230000143786,,32,Handheld,Recapture,adp,0,
432,2,Fraser River,Fraser River Ranch,9/3/2024,12:30:00,417229,4438617,LOC,375,533,HA,230000143830,,32,Handheld,Recapture,adp,0,
433,2,Fraser River,Fraser River Ranch,9/3/2024,12:30:00,417229,4438617,LOC,369,483,HA,230000143777,,32,Handheld,Recapture,adp,0,
434,2,Fraser River,Fraser River Ranch,9/3/2024,12:30:00,417229,4438617,LOC,375,614,HA,230000143831,,32,Handheld,Recapture,adp,0,
435,2,Fraser River,Fraser River Ranch,9/3/2024,12:30:00,417229,4438617,LOC,423,820,HA,230000224344,,32,Handheld,Recapture,adp,0,
436,2,Fraser River,Fraser River Ranch,9/3/2024,12:30:00,417229,4438617,LOC,296,272,HA,230000143794,,32,Handheld,Recapture,adp,0,
437,2,Fraser River,Fraser River Ranch,9/3/2024,12:30:00,417229,4438617,LOC,422,721,HA,230000143173,,32,Handheld,Recapture,adp,0,
438,2,Fraser River,Fraser River Ranch,9/3/2024,12:30:00,417229,4438617,RBT,292,302,HA,230000143838,,32,Handheld,Recapture,adp,0,
439,2,Fraser River,Fraser River Ranch,9/3/2024,12:30:00,417229,4438617,LOC,396,594,HA,230000224326,,32,Handheld,Recapture,adp,0,
440,2,Fraser River,Fraser River Ranch,9/3/2024,12:30:00,417229,4438617,LOC,385,630,HA,230000143247,,32,Handheld,Recapture,adp,0,
441,2,Fraser River,Fraser River Ranch,9/3/2024,12:30:00,417229,4438617,LOC,375,488,HA,230000143824,,32,Handheld,Recapture,adp,0,
442,2,Fraser River,Fraser River Ranch,9/3/2024,12:30:00,417229,4438617,LOC,450,826,HA,230000143147,,32,Handheld,Recapture,adp,0,
443,2,Fraser River,Fraser River Ranch,9/3/2024,12:30:00,417229,4438617,LOC,377,548,HA,230000143172,,32,Handheld,Recapture,adp,0,
444,2,Fraser River,Fraser River Ranch,9/3/2024,12:30:00,417229,4438617,RBT,394,698,HA,230000143637,,32,Handheld,Recapture,adp,0,
445,2,Fraser River,Fraser River Ranch,9/3/2024,12:30:00,417229,4438617,LOC,328,362,HA,230000143811,,32,Handheld,Recapture,adp,0,
446,2,Fraser River,Fraser River Ranch,9/3/2024,12:30:00,417229,4438617,LOC,286,232,HA,230000143774,,32,Handheld,Recapture,adp,0,
447,1,Fraser River,Kaibab Park,9/4/2024,9:30:00,420626,4437179,LOC,274,208,HA,230000143883,,32,Handheld,Recapture,adp,0,
448,1,Fraser River,Kaibab Park,9/4/2024,9:30:00,420626,4437179,LOC,315,314,HA,230000224414,,32,Handheld,Recapture,adp,0,
449,1,Fraser River,Kaibab Park,9/4/2024,9:30:00,420626,4437179,MTS,105,18,HA,226001544753,,12,Handheld,Recapture,adp + right pelvic ,0,
450,1,Fraser River,Kaibab Park,9/4/2024,9:30:00,420626,4437179,MTS,107,16,HA,226001544887,,12,Handheld,Recapture,adp + right pelvic ,0,
451,1,Fraser River,Kaibab Park,9/4/2024,9:30:00,420626,4437179,RBT,198,90,HA,230000143847,,32,Handheld,Recapture,adp,0,
452,1,Fraser River,Kaibab Park,9/4/2024,9:30:00,420626,4437179,LOC,385,522,HA,230000228255,,32,Handheld,Recapture,adp,0,
453,1,Fraser River,Kaibab Park,9/4/2024,9:30:00,420626,4437179,LOC,262,164,HA,230000143896,,32,Handheld,Recapture,adp,0,
454,1,Fraser River,Kaibab Park,9/4/2024,9:30:00,420626,4437179,LOC ,346,412,HA,230000143909,,32,Handheld,Recapture,adp,0,
455,1,Fraser River,Kaibab Park,9/4/2024,9:30:00,420626,4437179,LOC,285,232,HA,230000143879,,32,Handheld,Recapture,adp,0,
456,1,Fraser River,Kaibab Park,9/4/2024,9:30:00,420626,4437179,LOC ,290,256,HA,230000143330,,32,Handheld,Recapture,adp,0,
457,1,Fraser River,Kaibab Park,9/4/2024,9:30:00,420626,4437179,LOC ,293,262,HA,230000143897,,23,Handheld,Recapture,adp,0,
458,1,Fraser River,Kaibab Park,9/4/2024,9:30:00,420626,4437179,LOC,315,336,HA,230000143331,,32,Handheld,Recapture,adp,0,
459,1,Fraser River,Kaibab Park,9/4/2024,9:30:00,420626,4437179,LOC,206,94,HA,230000143895,,32,Handheld,Recapture,adp,0,
460,1,Fraser River,Kaibab Park,9/4/2024,9:30:00,420626,4437179,LOC,327,344,HA,230000224536,,32,Handheld,Recapture,adp,0,
461,1,Fraser River,Kaibab Park,9/4/2024,9:30:00,420626,4437179,LOC,238,131,HA,230000143891,,32,Handheld,Recapture,adp,0,
462,1,Fraser River,Kaibab Park,9/4/2024,9:30:00,420626,4437179,LOC,296,232,HA,230000224275,,32,Handheld,Recapture,adp,0,
463,1,Fraser River,Kaibab Park,9/4/2024,9:30:00,420626,4437179,LOC,271,195,HA,230000143856,,32,Handheld,Recapture,adp,0,
464,1,Fraser River,Kaibab Park,9/4/2024,9:30:00,420626,4437179,LOC,406,614,HA,230000143253,,32,Handheld,Recapture,adp,0,
465,1,Fraser River,Kaibab Park,9/4/2024,9:30:00,420626,4437179,LOC,302,240,HA,230000224530,,32,Handheld,Recapture,adp,0,
466,1,Fraser River,Kaibab Park,9/4/2024,9:30:00,420626,4437179,LOC,327,360,HA,230000228294,,32,Handheld,Recapture,adp,0,
467,1,Fraser River,Kaibab Park,9/4/2024,9:30:00,420626,4437179,LOC,278,205,HA,230000143199,,32,Handheld,Recapture,adp,0,
468,1,Fraser River,Kaibab Park,9/4/2024,9:30:00,420626,4437179,LOC,266,194,HA,230000143882,,32,Handheld,Recapture,adp,0,
469,1,Fraser River,Kaibab Park,9/4/2024,9:30:00,420626,4437179,LOC,348,418,HA,230000143861,,32,Handheld,Recapture,adp,0,
470,1,Fraser River,Kaibab Park,9/4/2024,9:30:00,420626,4437179,LOC,233,128,HA,230000143892,,32,Handheld,Recapture,adp,0,
471,1,Fraser River,Kaibab Park,9/4/2024,9:30:00,420626,4437179,LOC,248,137,HA,230000143866,,32,Handheld,Recapture,adp,0,
472,1,Fraser River,Kaibab Park,9/4/2024,9:30:00,420626,4437179,LOC,294,248,HA,230000143911,,32,Handheld,Recapture,adp,0,
473,1,Fraser River,Kaibab Park,9/4/2024,9:30:00,420626,4437179,LOC,353,508,HA,230000228280,,32,Handheld,Recapture,adp,0,
474,1,Fraser River,Kaibab Park,9/4/2024,9:30:00,420626,4437179,LOC,237,138,HA,230000143863,,32,Handheld,Recapture,adp,0,
475,1,Fraser River,Kaibab Park,9/4/2024,9:30:00,420626,4437179,MTS,115,21,HA,226001581105,,12,Handheld,Recapture,right pelvic ,0,
476,1,Fraser River,Kaibab Park,9/4/2024,9:30:00,420626,4437179,LOC,262,147,HA,230000143880,,32,Handheld,Recapture,adp,0,
477,1,Fraser River,Kaibab Park,9/4/2024,9:30:00,420626,4437179,LOC,243,129,HA,230000143868,,32,Handheld,Recapture,adp,0,
478,3,Colorado River,Upper River Run,10/1/2024,16:00:00,418781,4440027,LOC,395,616,HA,230000228615,,32,Handheld,Recapture,adp,0,
479,3,Colorado River,Upper River Run,10/1/2024,16:00:00,418781,4440027,LOC,370,464,HA,230000143528,,32,Handheld,Recapture,adp,0,
480,3,Colorado River,Upper River Run,10/1/2024,16:00:00,418781,4440027,LOC,335,400,HA,230000143080,,32,Handheld,Recapture,adp,0,
481,3,Colorado River,Upper River Run,10/1/2024,16:00:00,418781,4440027,LOC,361,478,HA,230000143091,,32,Handheld,Recapture,adp,0,
482,20,Colorado River Connectivity Channel,CRCC Downstream Confluence,10/2/2024,10:00:00,415856,4440178,LOC,380,570,HA,230000144329,,32,Handheld,Recapture,adp,0,
483,20,Colorado River Connectivity Channel,CRCC Downstream Confluence,10/2/2024,10:00:00,415856,4440178,LOC,412,692,HA,230000272464,,32,Handheld,Recapture,adp,0,
484,20,Colorado River Connectivity Channel,CRCC Downstream Confluence,10/2/2024,10:00:00,415856,4440178,LOC,379,596,HA,230000087461,,32,Handheld,Recapture,adp,0,
485,20,Colorado River Connectivity Channel,CRCC Downstream Confluence,10/2/2024,10:00:00,415856,4440178,LOC,402,642,HA,230000143362,,32,Handheld,Recapture,adp,0,
486,20,Colorado River Connectivity Channel,CRCC Downstream Confluence,10/2/2024,10:00:00,415856,4440178,LOC,422,726,HA,230000144228,,32,Handheld,Recapture,adp,0,
487,4,Colorado River,Lower River Run,10/1/2024,9:00:00,418207,4439939,RBT,403,595,HA,230000143107,,32,Handheld,Recapture,adp,0,
488,4,Colorado River,Lower River Run,10/1/2024,9:00:00,418207,4439939,LOC,384,364,HA,230000228369,,32,Handheld,Recapture,adp,0,
489,4,Colorado River,Lower River Run,10/1/2024,9:00:00,418207,4439939,LOC,278,207,HA,230000143970,,32,Handheld,Recapture,adp,0,
490,4,Colorado River,Lower River Run,10/1/2024,9:00:00,418207,4439939,LOC,366,440,HA,230000143997,,32,Handheld,Recapture,adp,0,
491,4,Colorado River,Lower River Run,10/1/2024,9:00:00,418207,4439939,LOC,401,601,HA,230000144270,,32,Handheld,Recapture,adp,0,
492,4,Colorado River,Lower River Run,10/1/2024,9:00:00,418207,4439939,LOC,254,158,HA,230000143934,,32,Handheld,Recapture,adp,0,
493,4,Colorado River,Lower River Run,10/1/2024,9:00:00,418207,4439939,LOC,284,201,HA,230000143930,,32,Handheld,Recapture,adp,0,
494,4,Colorado River,Lower River Run,10/1/2024,9:00:00,418207,4439939,LOC,284,197,HA,230000143944,,32,Handheld,Recapture,adp,0,
495,4,Colorado River,Lower River Run,10/1/2024,9:00:00,418207,4439939,LOC,267,169,HA,230000143973,,32,Handheld,Recapture,adp,0,
496,4,Colorado River,Lower River Run,10/1/2024,9:00:00,418207,4439939,LOC,375,576,HA,230000143039,,32,Handheld,Recapture,adp,0,
497,4,Colorado River,Lower River Run,10/1/2024,9:00:00,418207,4439939,LOC,373,470,HA,230000143037,,32,Handheld,Recapture,adp,0,
498,4,Colorado River,Lower River Run,10/1/2024,9:00:00,418207,4439939,LOC,427,807,HA,230000144355,,32,Handheld,Recapture,adp,0,
499,4,Colorado River,Lower River Run,10/1/2024,9:00:00,418207,4439939,LOC,333,333,HA,230000143951,,32,Handheld,Recapture,adp,0,
500,4,Colorado River,Lower River Run,10/1/2024,9:00:00,418207,4439939,MTS,137,30,HA,226001581450,,12,Handheld,Recapture,Left pelvic,0,
501,4,Colorado River,Lower River Run,10/1/2024,9:00:00,418207,4439939,MTS,135,25,HA,226001581363,,12,Handheld,Recapture,Left pelvic,0,
502,4,Colorado River,Lower River Run,10/1/2024,9:00:00,418207,4439939,LOC,416,686,HA,230000143025,,32,Handheld,Recapture,adp,0,
503,4,Colorado River,Lower River Run,10/1/2024,9:00:00,418207,4439939,LOC,248,145,HA,230000143983,,32,Handheld,Recapture,adp,0,
504,4,Colorado River,Lower River Run,10/1/2024,9:00:00,418207,4439939,LOC,455,876,HA,230000224131,,32,Handheld,Recapture,adp,0,
505,4,Colorado River,Lower River Run,10/1/2024,9:00:00,418207,4439939,LOC,279,201,HA,230000143939,,32,Handheld,Recapture,adp,0,
506,4,Colorado River,Lower River Run,10/1/2024,9:00:00,418207,4439939,MTS,132,28,HA,226001581426,,12,Handheld,Recapture,Left pelvic,0,
507,4,Colorado River,Lower River Run,10/1/2024,9:00:00,418207,4439939,LOC,348,406,HA,230000143075,,32,Handheld,Recapture,adp,0,
508,4,Colorado River,Lower River Run,10/1/2024,9:00:00,418207,4439939,LOC,273,215,HA,230000144375,,32,Handheld,Recapture,adp,0,
509,4,Colorado River,Lower River Run,10/1/2024,9:00:00,418207,4439939,LOC,262,244,HA,230000143964,,32,Handheld,Recapture,adp,0,
510,4,Colorado River,Lower River Run,10/1/2024,9:00:00,418207,4439939,LOC,257,178,HA,230000143971,,32,Handheld,Recapture,adp,0,
511,4,Colorado River,Lower River Run,10/1/2024,9:00:00,418207,4439939,LOC,237,120,HA,230000143929,,32,Handheld,Recapture,adp,0,
512,4,Colorado River,Lower River Run,10/1/2024,9:00:00,418207,4439939,LOC,345,445,HA,230000143067,,32,Handheld,Recapture,adp,0,
