General Information,,,,,,,,,,,Solar Power Information,,,,,,,,,Detection Distance,,,,,,,,,,,,,,,,Tuning,,,,Notes,
,,,,,,,Supply Voltage,,Data Downloads,,,,,,,,,,,32mm RR (ft),,,,32mm Center (ft),,,,12mm RR (ft),,,,12mm Center (ft),,Tuning,,,,,,,
Site,Date,Initials,Stage (ft),Time,Debris,Weather,Supply Voltage Downstream,Supply Voltage Upstream,Data Downloads Downstream,Data Downloads Upstream,Solar Voltage (V),Solar Current (A),Solar Input (KwH),Battery Voltage (V),Battery Capacity (percent),Load Current (A),Load Draw (KwH),Operating Temp (C),Load Mode,32mm RR (ft) DS Initial,32mm RR (ft) US Initial,32mm RR (ft) DS Final,32mm RR (ft) US Final,32mm Center (ft) DS Initial,32mm Center (ft) US Initial,32mm Center (ft) DS Final,32mm Center (ft) US Final,12mm RR (ft) DS Initial,12mm RR (ft) US Initial,12mm RR (ft) DS Final,12mm RR (ft) US Final,12mm Center (ft) DS Initial,12mm Center (ft) US Initial,12mm Center (ft) DS Final,12mm Center (ft) US Final,Tuning DS Initial,Tuning US Initial,Tuning DS Final,Tuning US Final,Notes,
Confluence,8/12/2020,"MR, ER",1.05,12:40,none,partly coudy,NA,NA,CR_CF_A5_20200812,CR_CF_A6_20200812,23.3,3.6,22.1,13.8,100,2.2,18.5,25,15,1.6,1.6,NA,NA,1.7,1.3,NA,NA,NA,NA,NA,NA,NA,NA,NA,NA,In Tune,In Tune,Same,Same,,
Confluence,8/20/2020,"MR, SG",1.06,14:20,none,"cloudy, rain",NA,NA,CR_CF_A5_20200820,CR_CF_A6_20200820,14.1,4.4,27.2,13.8,100,1.7,22.8,25,15,1.5,1.1,1.7,1.35,1.6,1.1,1.7,1.35,NA,NA,NA,NA,NA,NA,NA,NA,In Tune,In Tune,Same,Same,Firmware V1.8 installed on both readers. ,
Confluence,8/31/2020,"MR, MK, SG",1.06,15:30,none,"rain, cloudy",13.4,14.4,CR_CF_A5_20200831,CR_CF_A6_20200831,14,3.5,33.7,13.8,100,1.6,28.5,25,15,1.75,1.15,NA,NA,1.75,1.15,NA,NA,0.3,0.2,NA,NA,0.3,0.1,NA,NA,In Tune,In Tune,Same,Same,"US- detections every 15 min, Date/time OK, Lat Long Ok. DS- reading as ""NRGB"" (Node), detections every 15 min and Lat Long OK.",
Confluence,9/30/2020,MR,0.84,11:30,"Branch, removed",sunny,14.3,13.8,CR_CF_A5_20200930,CR_CF_A6_20200930,22.3,3.3,49.8,13.7,100,1.5,43,25,15,1.5,1.2,NA,NA,1.6,1.3,NA,NA,0.35,0.2,NA,NA,0.3,0.25,NA,NA,OK,OK,Same,Same,"A5 and A6 date, time and marker tags ok",
Confluence,10/8/2020,"SG, MR",0.9,10:30,none,"sunny, hazy",14.2,13.8,CR_CF_A5_20201008,CR_CF_A6_20201008,19.1,3.8,53.8,14.3,100,1.5,46.8,25,15,1.05,1.3,NA,NA,1.05,1.2,NA,NA,0.15,0.2,NA,NA,0.1,0.2,NA,NA,OK,OK,Same,Same,"US used 32m tag and got 0.8ft, tried again and got better detections",
Confluence,11/4/2020,"MR, SG",0.91,13:20,sticks removed,sunny,13.9,14.2,CR_CF_A5_20201104,CR_CF_20201104,22.6,3.9,66.4,13.8,100,1.5,59,25,15,0.7,1.3,0.9,1.3,0.6,1.4,0.85,1.45,touching,NA,0.1,0.2,touching,NA,0.1,0.25,out,OK,OK,OK,"Had to tune A5, tuner did not go to ""OK"" or flash double lights. Tried for 10 minutes, detection distances got slightly better",
Confluence,12/3/2020,MR,ICE,10:50,ICE ,sunny,14.5,14.3,CR_CF_A5_20201203,CR_CF_20201203,24,4.1,78.7,14.4,100,1.2,71.4,25,15,1.6,1.05,NA,NA,NA,NA,NA,NA,0.3,0.2,NA,NA,NA,NA,NA,NA,OK,OK,NA,NA,middle is frozen. Ice buildup on A5 RR. Stage was estimated due to ice. Date and Times both ok. Marker tag batteries changed,
Confluence,12/10/2020,"MR, SG",ICE,11:50,ICE,overcast,14.6,14.7,CR_CF_A5_20201210,CR_CF_20201210,19.5,4.3,81.8,14.4,100,1.5,74.5,25,15,1.8,NA,NA,NA,NA,NA,NA,NA,0.3,NA,NA,NA,NA,NA,NA,NA,OK,NA,NA,NA,"Marker tag on A5 downstream attached the antenna, rather than underneath. A5 and A6 date and time ok. Firmware updated to 1.86",
Confluence,1/5/2021,"MR, SG",ICE,14:20,ICE,"windy, clear",13.8,13.9,CR_CF_A5_20210105,CR_CF_20210105,19.3,4.1,92.4,13.9,100,1.4,85.6,25,15,NA,NA,NA,NA,NA,NA,NA,NA,NA,NA,NA,NA,NA,NA,NA,NA,NA,NA,NA,NA,"A5 Marker tag not working correctly, constant detections (# 4948). Replaced marked tag at 2:43PM. New Marker tage # 1570",
Confluence,2/2/2021,"MR, SG",ICE,12:50,ICE,overcast,14,14.1,CR_CF_A5_20210202,CR_CF_20210202,18.9,3,104.5,13.7,100,1.3,97.5,25,15,NA,NA,NA,NA,NA,NA,NA,NA,NA,NA,NA,NA,NA,NA,NA,NA,NA,NA,NA,NA,,
Confluence,3/2/2021,"MR, SG",ICE,12:40,1/2 Ice,sunny,13.6,13.9,CR_CF_A5_20210303,CR_CF_20210303,18.9,3.1,116.5,13.8,100,1.3,109.2,25,15,1.65,1.45,NA,NA,NA,NA,NA,NA,0.3,0.2,NA,NA,NA,NA,NA,NA,OK,OK,NA,NA,,
Confluence,4/6/2021,MR,NA,13:35,removed,sunny,13.5,14.1,CR_CF_A5_20210406,CR_CF_202100406,24.2,2.5,131.3,13.7,100,1.2,122.9,25,15,1.5,1.05,NA,NA,1.65,1.2,NA,NA,0.25,0.05,NA,NA,0.25,0.1,NA,NA,OK,OK,NA,NA,stopped transducers at 1:41PM and downloaded. Staff guage elevation may have changedand was hammered 1/2 inch. Lots of stuck logs on antennas from beaver dam.,
Confluence,4/8/2021,MR,1.14,NA,removed,sunny,NA,NA,NA,NA,23.3,2.9,13.2,13.7,100,1.7,123.6,25,15,1.85,1.2,NA,NA,1.8,1.15,NA,NA,0.4,0.15,NA,NA,0.3,0.15,NA,NA,Tuned 1st,Tumed 1st,NA,NA,"2:25 staff guage remved. Noon-2pm thro out water pressure transducer data. New ratchet straps and duckbills added, all straps tightened.",
Confluence,5/5/2021,ERF,1.5,15:40,"yes, and small sticks removed",sunny,13.5,14.1,CR_CF_A5_20210505,CR_CF_A6_202100505,19,2.8,146.7,13.8,100,1.5,137.3,25,15,1.54,0.96,NA,NA,1.54,1.18,NA,NA,0.24,0.26,NA,NA,0.26,0.14,NA,NA,unknown,unknown,unknown,unknown,Key would not open tuner box; could not remember which was manual vs autotuner. No tuning done to prevent screwing anything up,downloaded pressure transducers. RB_20210406_air and RB_20210406_water. A2 never saw green or double blink for tuning. A1 good detections but we tuned anyways and got the green light
Confluence,6/3/2021,ER,1.28,13:40,"willows, sticks removed","sunny, warm",13.9,14.2,CR_CF_A5_20210603,CR_CF_A6_202100603,18.5,2.5,161.7,13.7,100,1.4,150.8,25,15,1.5,NA,NA,NA,NA,NA,NA,NA,0.25,0.2,NA,NA,NA,NA,NA,NA,ok,ok,NA,NA,CF5 = 5308 Records. CF6 = 7487 records. Did not tune,
Confluence,7/27/2021,"ER, SG",1.12,16:15,some sticks,sunny and hot,13.7,13.9,CR_CF_A5_20210727,CR_CF_A6_202100727,14,2.8,191.7,13.8,100,1.5,175.8,25,15,1.4,1.55,NA,NA,1.5,1.4,NA,NA,0.25,0.15,NA,NA,0.2,0.1,NA,NA,NA,Na,NA,NA,many detections of 226001581653 on A6 (7/4 -),
Confluence,8/31/2021,"ER, SG",1.01,14:45,"sticks, logs (beaver)","sunny, warm",13.9,NA,CR_CF_A5_20210831,CR_CF_A6_20210831,20.9,2.6,209.7,13.8,100,1.4,191.4,25,15,1.6,1.45,NA,NA,1.5,1.3,NA,NA,0.2,0.25,NA,NA,0.2,0.15,NA,NA,ok,ok,NA,NA,"Did not attempt to tune, not many detections. Turbid water from Colorado River, Fraser River is clear",
Confluence,10/6/2021,"KK, SG",0.83,15:00,Algae,cloudy and windy,14,14.2,CR_CF_A5_20211006,CR_CF_A6_20211006,18.7,2.7,227.1,13.7,10,1.4,207.1,25,15,1.5,1.4,NA,NA,1.45,1.5,NA,NA,0.25,0.25,NA,NA,0.25,0.3,NA,NA,NA,NA,NA,NA,NA,
Confluence,10/21/2021,"ER, SG, KK",0.89,11:00,some sticks,sunny and cold,14.2,14.7,CR_CF_A5_20211021,CR_CF_A6_20211021,21.5,4.2,233.5,14.3,100,1.4,213.5,25,15,1.4,1.33,NA,NA,1.48,1.31,NA,NA,0.06,0.16,NA,NA,0.05,0.2,NA,NA,ok,ok,NA,NA,A6 download file (CF6) may look funny due to active detections during download. Fish sitting on CF6 (2300001.02751),
Confluence,11/9/2021,"ER, SG, KK",0.82,13:00,"algae, sticks",cloudy,14,14.3,CR_CF_A5_20211109,CR_CF_A6_20211109,18.6,1.8,241.9,13.7,100,1.4,221.6,25,15,1.5,1.65,NA,NA,1.5,1.5,NA,NA,0.2,0.2,NA,NA,0.2,0.2,NA,NA,ok,ok,NA,NA,tightened ratchet straps. Replaced marker tag batteries and marker tag pelican cases. Downloaded h20 and air HOBOs. Raked in rock to antennas.,
Confluence,11/30/2021,"SG, KK",0.9,11:20,"Ice, none",sunny,13.6,13.8,CR_CF_A5_20211130,CR_CF_A6_20211130,18.9,3.1,250.9,13.7,100,1.4,230.5,25,15,1.55,1.55,NA,NA,1.5,1.5,NA,NA,0.25,0.3,NA,NA,0.25,0.25,NA,NA,NA,NA,NA,NA,"CFS updated 1.86 to 1.992 no problem. CF6 spit firmware with FW command., manually reset and reinstalled. Both readers initialized, corrected fields and site codes. Both retained detection distances before/after update. Left up and running. New straps held.",
Confluence,1/10/2022,"SG, KK",ICE,13:40,"Ice, NA","-3F, Frozen, small water open",13.6,14.1,NA,NA,24.2,4.2,265.1,13.7,100,1.4,246.8,25,15,NA,NA,NA,NA,NA,NA,NA,NA,NA,NA,NA,NA,NA,NA,NA,NA,NA,NA,NA,NA,"small section open for detection distances, unsafe to go in. Solar panel clear.",
Confluence,2/3/2022,"SG, KK",ICE,13:50,"Ice, NA","-10, sunny, lots of snow",13.2,13.5,CR_CF_A5_20220203,CR_CF_A6_20220203,13.5,2.6,273.2,13.3,10,1.2,255.9,25,15,NA,NA,NA,NA,NA,NA,NA,NA,NA,NA,NA,NA,NA,NA,NA,NA,nA,NA,NA,NA,"river frozen. Battery at 100% on arrival, not in shade.",
Confluence,3/11/2022,"KK, MK",ICE,12:40,Ice/NA,"Partly cloudy, 6F, lots of snow",13.7,13.9,CR_CF_A5_20220311,CR_CF_A6_20220311,24.3,1.6,287.9,13.7,100,1.4,269,25,15,NA,NA,NA,NA,NA,Na,NA,NA,NA,NA,NA,NA,NA,NA,NA,NA,NA,NA,NA,NA,"solar clear, battert at 100% capacity. River frozen, starting to open up from river left, ghost tag on DS antenna as of 3/11/2022",
Confluence,4/6/2022,"SI, ER",0.91,13:30,"logs, sticks","cloudy, windy",13.7,14.1,CR_CF_A5_20220406,CR_CF_A6_20220406,24.2,1.7,298.6,13.7,100,1.4,278.7,25,15,1.2,1.2,NA,NA,1.2,1.4,NA,NA,0.2,0.25,NA,NA,0.4,0.3,NA,NA,Ok,Ok,NA,NA,All good:),
Confluence,5/3/2022,"ER, MK, SI",1.55,10:50,sticks,mostly sunny,13.9,14.1,CR_CF_A5_20220503,CR_CF_A6_20220503,19.3,1.7,309,13.8,100,1,288.4,25,15,1.2,1.2,NA,NA,1.35,1.35,NA,NA,0.2,0.3,NA,NA,0.2,0.2,NA,NA,ok,ok,NA,NA,Bring a bigger flat head screwdrive to leave in the job box (to open solar controller enclosure),
Confluence,6/2/2022,"ER, SI, CD, JL",1.8,12:38,"logs, sticks from beaver dam",clear,13.8,14.1,CR_CF_A5_20220602,CR_CF_A6_20220602,22.5,1.9,319.7,13.8,100,0.9,297.6,25,15,NA,1.25,NA,NA,NA,1.25,NA,NA,NA,0.15,NA,NA,NA,0.2,NA,NA,NA,ok,NA,NA,"CF5 is badly damaged from beaver dam debris and will need to be fully rebuilt, wire and pvc are broken. Last detection on CF5 was 5/21/22. ",
Confluence,6/28/2022,"CD, SI",1.55,14:20,"sticks, logs  ",sunny,NA,14.2,NA,CR_CF_A6_20220628,22.2,1.6,328.6,13.8,100,1.1,304.6,25,15,NA,NA,NA,NA,NA,NA,NA,NA,NA,NA,NA,NA,NA,NA,NA,NA,NA,NA,NA,NA,"Too fast to do detection distances, no changes, CF5 still broken, possible ghost tag on CF6.",
Confluence,8/8/2022,"SI, ER, EF, MK",1.05,10:30,sticks,"sunny, calm ",NA,14.4,NA,CR_CF_A6_20220808,20.3,2.6,342.8,14.3,100,0.6,315.1,25,15,NA,NA,NA,NA,NA,NA,NA,NA,NA,NA,NA,NA,NA,NA,NA,NA,NA,NA,NA,NA,"Pre-antenna repair data download for CF6, no detection distances taken. ",
Confluence,8/9/2022,"SI, ER",0.98,11:00,None,clear,13.9,13.7,CR_CF_A5_20220809,CR_CF_A6_20220809,22,3.1,343.1,13.8,100,20.0 ?,315.3,25,15,1.65,1.3,1.75,1.2,1.6,1.25,1.8,1.3,0.45,0.25,0.36,0.32,0.35,0.3,0.45,0.26,OK,OK,Better  ,OK,"Installed repaired CF5 antenna, full suite of detection distance measurements in Eric's notebook",
Confluence,8/30/2022,"SI, MK",1.01,18:15,none,clear,13.8,14.1,CR_CF_A5_20220830,CR_CF_A6_20220830,14.6,1.9,336.5,13.7,100,1.7,327.1,25,15,1.75,1.65,NA,NA,1.74,1.69,NA,NA,0.41,Touching,NA,NA,0.38,0.22,NA,NA,OK,OK,NA,NA,,
Confluence,10/5/2022,"SI, BH",0.8,15:20,Wood,partly cloudy,13.8,14.2,CR_CF_A5_20221005,CR_CF_A6_20221005,18.6,3.3,377.7,13.8,100,1.7,346.2,25,15,1.65,1.3,NA,NA,1.55,1.3,NA,NA,0.25,0.1,NA,NA,0.4,0.25,NA,NA,ok,ok,NA,NA,"A lot of wood on both antennas, no damage however.",
Confluence,11/2/2022,"SI, LR",0.9,12:30,clear,"clear, sunny",13.8,14.1,CR_CF_A5_20221102,CR_CF_A6_20221102,24.1,4.4,393.2,13.8,100,1.7,361.1,25,15,1.5,1.2,NA,NA,1.2,0.8,NA,NA,0.2,Touching,NA,NA,Touching,0.12,NA,NA,ok,ok,NA,NA,"Didn't tune due to time constraints, everything else looks good. Repairs holding up",
Confluence,12/1/2022,"SI, BH",ICE,12:45,ICE,"sunny, breezy",13.9,14.5,CR_CF_A5_20221201,CR_CF_A6_20221201,19.1,5.5,407.8,13.7,100,1.6,375.8,25,15,NA,NA,NA,NA,NA,NA,NA,NA,NA,NA,NA,NA,NA,NA,NA,NA,NA,NA,NA,NA,"Date/time off by one hour because of daylight savings, did NOT adjust time on reader. River partially frozen, too deep to wade. Set camera to time lapse, interval = every 30 min",
Confluence,12/27/2022,"SI, BH",ICE,12:00,ICE,"Foggy, cold",13.9,13.9,CR_CF_A5_20221227,CR_CF_A6_20221227,19.2,3.8,419.4,13.7,100,1.5,388,25,15,NA,NA,NA,NA,NA,NA,NA,NA,NA,NA,NA,NA,NA,NA,NA,NA,NA,NA,NA,NA,Changed camera time lapse interval to every hour,
Confluence,2/1/2023,ER BH,ICE,13:45,ice/snow,"Sunny, cold",14.3,14.1,CR_CF_A5_20230201,CR_CF_A6_20230201,15,16.2 *was recorded wrong,434.4,14.1,100,1.6,404.7,25,15,NA,NA,NA,NA,NA,NA,NA,NA,NA,NA,NA,NA,NA,NA,NA,NA,NA,NA,NA,NA,"Solar panels partially covered in snow. Battery capactiy was at 64%, rose back up to 100% when snow was cleared off. Camera SD card was changed out. Camera was buried in snow on arrival. Moved camera to a higher position and reset.",
Confluence,3/7/2023,"MK, BH",ICE,14:00,ice/snow,"Sunny, cold",13.7,14.2,CR_CF_A5_20230307,CR_CF_A6_20230307,23.2,3.3,452.9,13.7,100,1.6,420.9,25,15,NA,NA,NA,NA,NA,NA,NA,NA,NA,NA,NA,NA,NA,NA,NA,NA,NA,NA,NA,NA,No snow/ice on solar panels,
Confluence,4/4/2023,"BH, SI  ",0.3,14:20,"sticks, leaves",Snow Storm,13.9,13.9,CR_CF_A5_20230404,CR_CF_A6_20230404,20.8,2.8,468.3,13.7,100,1.6,435.3,25,15,NA,NA,NA,NA,NA,NA,NA,NA,NA,NA,NA,NA,NA,NA,NA,NA,NA,NA,NA,NA,Heavy snow storm so didn't do detection distances. Antennas both look good though.,
Confluence,5/4/2023,"BH, SI  ",2.32,12:00,none,"Sunny, wet",13.9,13.8,CR_CF_A5_20230504,CR_CF_A6_20230504,23.5,2.5,483.4,13.8,100,1.1,449.2,25,15,NA,NA,NA,NA,NA,NA,NA,NA,NA,NA,NA,NA,NA,NA,NA,NA,NA,NA,NA,NA,"Very high flows, 1600 cfs this morning. Too deep/fast to do detection distances",
Confluence,5/18/2023,"SI, ER, BH",2.25,13:20,looks clear,cloudy,NA,NA,No download,No download,22.8,2.2,489.4,13.7,100,1.2,454.4,25,15,1.06,1.3,NA,NA,NA,NA,NA,NA,NA,NA,NA,NA,NA,NA,NA,NA,ok,ok,NA,NA,All looks good. No downloads. ,
Confluence,6/6/2023,"ER, MK, SI",1.47,16:48,big tree on upstream,cloudy,14,13.8,CR_CF_A5_20230606,CR_CF_A6_20230606,18.3,2.4,497.8,13.8,100,1.2,461.6,25,15,1.09,1.43,NA,NA,NA,NA,NA,NA,0.13,0.24,NA,NA,NA,NA,NA,NA,ok,ok,NA,NA,"Tree hung on CF6 and maybe on CF5 as well, cannot remove until flows drop, but appears both antennas are functioning fine right now. ",
Confluence,6/23/2023,"ER, SI",underwater,14:06,"Maybe log, cant tell",sunny,13.7,14.2,CR_CF_A5_20230623,CR_CF_A6_20230623,22.7,1.5,204.7,13.8,100,0.8,467.6,25,15,NA,NA,NA,NA,NA,NA,NA,NA,NA,NA,NA,NA,NA,NA,NA,NA,NA,NA,NA,NA,"Marker tag on downstream either dead on 6/21 or gone. 10 casts; RB-LB: 1nn,2nd,3nn,4nn,5nn,6nd,7un,8nn,9nn,10nn. Upstream: 1/10. downstream: 2/10.",
Confluence,7/27/2023,"SI, MM, ER, MK",0.14,9:07,"Tree, big logs",Sunny,14.9,14.5,CR_CF_A5_20230727,CR_CF_A6_20230727,19.4,4.9,518.47,14.6,100,1.1,478.3,25,15,0.9,1.5,NA,NA,1.1,1.5,NA,NA,TOUCHING,0.15,NA,NA,TOUCHING,0.35,NA,NA,OK,OK,NA,NA,DOWNSTREAM ANTENNA COMPLETELY SNAPPED AT HALFWAY/MIDPOINT. STILL DETECTING. REPARIED TO THE BEST OF ABILITIES WITH STRAPS/ROCKS BUT IT IS IN BAD SHAPE. UPSTREAM MOSTLY INTACT. May have changed electricity. Buried in sediment. ,
Confluence,8/30/2023,"MK, MM",0.27,15:34,None,Sunny,13.8,14.2,CR_CF_A5_20230830,CR_CF_A6_20230830,22.4,2.3,532.6,13.7,100,0.9,489,25,15,0.8,1.3,0.8,NA,0.75,1.3,0.85,NA,0,0.05,NA,NA,0.05,0.05,NA,NA,NA,NA,NA,NA,Re-tuned CF5 antenna. No improvement. CF5 not tuning antenna. ,
Confluence,10/3/2023,"SI, MM",0.5,17:36,None,Cloudy,13.3,13.6,CR_CF_A5_20231003,CR_CF_A6_20231003,13.4,0.6,551.1,13.2,98,1.6,505.5,25,15,1.6,1.25,NA,NA,1.85,1.55,NA,NA,0.3,0.1,NA,NA,0.35,0.25,NA,NA,ok,ok,NA,NA,,
Confluence,10/18/2023,"ER, EF, SI",0.49,15:00,None,Clear,NA,NA,CR_CF_A5_20231018,CR_CF_A6_20231018,23.2,3.6,559.5,13.7,100,2,513.4,25,15,1.7,1.3,NA,NA,1.55,1.35,NA,NA,0.35,0.2,NA,NA,0.45,0.2,NA,NA,ok,ok,NA,NA,Adjusted pressure transuder elevation. ,
Confluence,10/31/2023,"SI, CB",0.61,11:50,None,"Cold, Sunny",14.7,14.3,CR_CF_A5_20231031,CR_CF_A6_20231031,19.4,7.6,567.4,14.2,100,2.1,521.17,25,15,1.85,1.65,NA,NA,1.9,1.45,NA,NA,0.35,0.35,NA,NA,0.4,0.5,NA,NA,ok,ok,NA,NA,,
Confluence,11/28/2023,"MM, SI",0.6,13:00,Ice,Sunny,14.5,15.3,CR_CF_A5_20231128,CR_CF_A6_20231128,21.4,8,586.3,14.7,100,2.1,539.9,25,15,NA,NA,NA,NA,NA,NA,NA,NA,NA,NA,NA,NA,NA,NA,NA,NA,ok,ok,NA,NA,Cannot conduct dietection distances due to river ice.,
Confluence,1/4/2024,"MM, MK",ICE,12:45,NA,partly cloudy,13.3,14.1,CR_CF_A5_20240104,CR_CF_A6_20240104,23.4,7,610.7,13.7,100,2,563.9,56,15,NA,NA,NA,NA,NA,NA,NA,NA,NA,NA,NA,NA,NA,NA,NA,NA,NA,NA,NA,NA,River iced over (3/4 of river channel),
Confluence,1/30/2024,"ER, EA",ICE,14:30,snow and ice,clear and cold,13.6,13.6,CR_CF_A5_20240130,CR_CF_A6_20240130,19,6,627.1,13.7,100,2,580,25,15,NA,NA,NA,NA,NA,NA,NA,NA,NA,NA,NA,NA,NA,NA,NA,NA,NA,NA,NA,NA,1/3 channel open. Staff gage in ice. ,
Confluence,3/5/2024,"SG, MK",ICE,15:30,snow on edge,Cloudy,13.3,13.8,CR_CF_A5_20240305,CR_CF_A6_20240305,14,7.3,651.6,13.7,100,2.1,602.9,25,15,NA,NA,NA,NA,NA,NA,NA,NA,NA,NA,NA,NA,NA,NA,NA,NA,NA,NA,NA,NA,"on DTY command ""bad year"" on CF6 even though date and time are correct",
Connectivity Downstream,10/16/2023,"SI, ER",0.6,17:30,None,Cloudy,NA,NA,CRCC_CD_A7_20231016,CR_CD_A8_20231016,13.4,0,3.73,13.3,100,1.8,22,21,15,2,1.85,NA,NA,2.15,1.85,NA,NA,0.55,0.55,NA,NA,0.65,0.55,NA,NA,ok,ok,NA,NA,,
Connectivity Downstream,10/18/2023,"ER, EF, SI",NA,12:40,None,Cloudy and windy,13.9,13.3,CRCC_CD_A7_20231018,CRCC_CD_A8_20231018,NA,NA,NA,NA,NA,NA,NA,NA,NA,1.9,1.95,NA,NA,2,1.9,NA,NA,0.55,0.65,NA,NA,0.6,0.75,NA,NA,ok,ok,NA,NA,,
Connectivity Downstream,10/31/2023,"SI, CB",1.59,10:15,None,"Cold, Foggy",NA,14.2,CRCC_CD_A7_20231031,CRCC_CD_A8_20231031,14,8.6,12.91,13.9,100,1.9,86.5,0,15,1.85,1.75,NA,NA,2.25,1.75,NA,NA,0.7,0.15,NA,NA,0.75,0.65,NA,NA,ok,ok,NA,NA,"Noise indicator on CD2, did not notice at first. ",
Connectivity Downstream,11/9/2023,"SI, MM, ER, MK, JE",1.53,9:00,None,"Cold, Cloudy",14.1,14.1,CRCC_CD_A7_20231109,CRCC_CD_A8_20231109,12.7,0.6,197.6,12.7,80,1.7,141.7,3,15,2.1,2.2,NA,NA,2.05,2.2,NA,NA,0.85,0.75,NA,NA,0.8,0.8,NA,NA,out,ok,ok,NA,Tuned DS initial (A7) prior to detection distances. ,
Connectivity Downstream,11/28/2023,"MM, SI",1.6,12:08,None,Sunny,13.7,13.6,CRCC_CD_A7_20231128,CRCC_CD_A8_20231128,19.4,6.1,33.18,13.8,100,1.9,25.34,14,15,1.85,2.05,NA,NA,2.2,1.95,NA,NA,0.35,0.3,NA,NA,0.45,0.45,NA,NA,ok,ok,NA,NA,,
Connectivity Downstream,1/4/2024,"MM, MK",NA,11:15,NA,Cloudy,14.2,14.2,CRCC_CD_A7_20240104,CRCC_CD_A8_20240104,19.6,9.2,59.6,14.2,100,1.9,46.8,10,15,NA,NA,NA,NA,NA,NA,NA,NA,NA,NA,NA,NA,NA,NA,NA,NA,NA,NA,NA,NA,River ice capped (solid ice). No detection distance.,
Connectivity Downstream,1/30/2024,"ER, EA",Ice,12:35,snow/ice,clear and cold,NA,NA,NA,NA,E01,0,0,11.6,28,0,58.7,8,15,NA,NA,NA,NA,NA,NA,NA,NA,NA,NA,NA,NA,NA,NA,NA,NA,NA,NA,NA,NA,"All readers dead, no power- need to call tech support. Could not download data for CD or CS",
Connectivity Downstream,2/13/2024,"SG, ER",NA,11:45,NA,"Cold, clear",14.2,14.6,CRCC_CD_A7_20240213,CRCC_CD_A8_20240213,14.5,27.3,138,14.1,100,2.5,2,14,15,NA,NA,NA,NA,NA,NA,NA,NA,NA,NA,NA,NA,NA,NA,NA,NA,NA,NA,NA,NA,"CD1 and 2 stopped 1/27/2024. Solar panels wired incorrectly. Replaced positive inline fuse at MC4 connector. Data reformatted. Both Carker tags being detected on both readers, they have an issue with cross talk. Check previous data files. ",
Connectivity Downstream,3/5/2024,"SG, MK",NA,2:20,snow,cloudy,13.8,13.8,CRCC_CD_A7_20240305,CRCC_CD_A8_20240305,19.3,13.6,28.4,13.7,100,2.4,15,17,15,NA,NA,NA,NA,NA,NA,NA,NA,NA,NA,NA,NA,NA,NA,NA,NA,NA,NA,NA,NA,"On DTY command for CD2/A8 ""bad year"" even though date and time are corect. Cross- talk still occurring on CD1/CD2.",
Connectivity Side Channel,10/16/2023,"SI, ER",0.6,5:30,None,Cloudy,NA,NA,CRCC_CS_A9_20231016,CR_CS_A10_20231016,13.4,0,3.73,13.3,100,1.8,22,21,15,2.2,1.55,NA,NA,2.2,1.85,NA,NA,0.45,0.5,NA,NA,0.5,0.35,NA,NA,ok,ok,NA,NA,Stage recorded from (CD),
Connectivity Side Channel,10/18/2023,"ER, EF, SI",NA,12:50,None,Windy,14.3,NA,CRCC_CS_A9_20231018,CRCC_CS_A10_20231018,NA,NA,NA,NA,NA,NA,NA,NA,NA,2.1,1.15,NA,NA,2.3,2,NA,NA,0.5,0.55,NA,NA,0.55,0.55,NA,NA,ok,ok,NA,NA,See EF data.,
Connectivity Side Channel,10/31/2023,"SI, CB",1.05,10:25,None,"Cold, foggy",14.3,14.2,CRCC_CS_A9_20231031,CRCC_CS_A10_20231031,14,8.6,12.91,13.9,100,1.9,86.5,0,15,2.05,1.85,NA,NA,2.25,2.05,NA,NA,0.65,0.7,NA,NA,0.6,0.6,NA,NA,ok,ok,NA,NA,"Weird nose on CD2, fixed it, weird tags on downstream.",
Connectivity Side Channel,11/9/2023,"SI, MM, ER, MK, JE",1.05,9:30,None,"Cold, Sunny",14.4,14.4,CRCC_CS_A9_20231109,CRCC_CD_A10_20231109,12.7,0.6,197.6,12.7,80,1.7,141.7,3,15,1.9,1.9,NA,NA,2.25,1.9,NA,NA,0.65,0.6,NA,NA,0.7,0.6,NA,NA,ok,ok,NA,NA,Modified side channel gravel to increase flow/fluvial function.,
Connectivity Side Channel,11/28/2023,"MM, SI",0.9,12:20,Ice,Sunny,13.6,13.4,CRCC_CS_A9_20231128,CRCC_CS_A10_20231128,19.4,6.1,33.18,13.8,100,1.9,25.34,14,15,NA,NA,NA,NA,NA,NA,NA,NA,NA,NA,NA,NA,NA,NA,NA,NA,ok,ok,NA,NA,Cannot conduct dietection distances due to river ice.,
Connectivity Side Channel,1/4/2024,"MM, MK",NA,11:30,NA,partly cloudy,14,14.3,CRCC_CS_A9_20240104,CRCC_CS_A10_20240104,19.6,9.2,59.6,14.2,100,1.9,46.8,10,15,NA,NA,NA,NA,NA,NA,NA,NA,NA,NA,NA,NA,NA,NA,NA,NA,NA,NA,NA,NA,River side channel solid ice cap.  Not sure if there is flow under ice.,
Connectivity Side Channel,1/30/2024,"ER, EA",ice,12:35,snow/ice,clear and cold,NA,NA,NA,NA,E01,0,0,11.6,28,0,58.7,8,15,NA,NA,NA,NA,NA,NA,NA,NA,NA,NA,NA,NA,NA,NA,NA,NA,NA,NA,NA,NA,"All readers dead, no power- need to call tech support. Could not download data for CD or CS",
Connectivity Side Channel,2/13/2024,"SG, ER",ice,13:53,snow and ice,"cold, clear",14.4,14.3,CRCC_CS_A9_20240213,CRCC_CS_A10_20240213,14.6,27.3,138,14.1,100,2.5,2,14,15,NA,NA,NA,NA,NA,NA,NA,NA,NA,NA,NA,NA,NA,NA,NA,NA,NA,NA,NA,NA,Site died on 1/27/2024 due to inline fuse in MC4 connector. Reformated data files,
Connectivity Side Channel,3/5/2024,"SG, MK",NA,2:10,snow,cloudy,13.8,14.1,CRCC_CS_A9_20240305,CRCC_CS_A10_20240305,19.2,13.6,28.4,13.7,100,2.4,15,17,15,NA,NA,NA,NA,NA,NA,NA,NA,NA,NA,NA,NA,NA,NA,NA,NA,NA,NA,NA,NA,,
Connectivity Upstream,10/17/2023,"ER, EF, SI, MK",0,4:42,None,Partly Cloudy,NA,14.1,CRCC_CU_A11_20231017,CR_CU_A12_20231017,14.4,9.7,70,14.1,100,1.7,6,25,15,1.95,1.5,NA,NA,2.3,1.55,NA,NA,0.6,0.4,NA,Na,0.65,0.45,NA,NA,ok,ok,NA,NA,Deployed pressure transdusers at 4:00pm (air and water). 5ft use RR. Upstream: 15ft:1.55(32);0.40(12).25ft: 1.70; 0.60. 35ft: 1.50; 0.45. Downstream: 15ft: 2.20 ; 0.65. 25ft: 1.9; 0.60. 35ft: 1.95; 0.55.,
Connectivity Upstream,10/18/2023,"ER, EF, SI",NA,1:15,None,Windy and cloudy,13.5,13.5,CRCC_CU_A11_20231018,CRCC_CU_A12_20231018,24.2,3.8,670,13.7,100,1.5,423,28,15,1.95,1.5,NA,NA,2,1.55,NA,NA,0.6,0.65,NA,NA,0.45,0.4,NA,NA,ok,ok,NA,NA,See EF data.,
Connectivity Upstream,10/31/2023,"SI, CB",2.43,11:30,None,"Cold, sunny",14.3,14.3,CRCC_CU_A11_20231031,CRCC_CU_A12_20231031,20.3,6.4,6.77,14.2,100,1.5,6.5,6,15,2.1,1.8,NA,NA,2.05,2.15,NA,NA,0.55,0.55,NA,NA,0.65,0.65,NA,NA,ok,ok,NA,NA,,
Connectivity Upstream,11/9/2023,"SI, MM, ER, MK, JE",2.35,11:00,None,"Cold, Sunny",14.3,14.2,CRCC_CU_A11_20231109,CRCC_CD_A12_20231109,24.5,6.6,11.68,14.2,100,1.6,10.75,23,15,1.8,2.1,NA,NA,2.15,2.35,NA,NA,0.55,0.6,NA,NA,0.65,0.7,NA,NA,ok,ok,NA,NA,Wireing looks clean Eric!,
Connectivity Upstream,11/28/2023,"MM, SI",2.4,12:43,Ice,Sunny,13.9,14,CRCC_CU_A11_20231128,CRCC_CU_A10_20231128,24.8,4,20.6,13.7,100,1.5,19.49,18,15,1.85,1.75,NA,NA,1.85,1.7,NA,NA,0.45,0.45,NA,NA,0.5,0.4,NA,NA,ok,ok,NA,NA,,
Connectivity Upstream,1/4/2024,"MM, MK",NA,12:00,NA,partly sunny,14.4,13.8,CRCC_CU_A11_20240104,CRCC_CU_A12_20240104,19.6,4.3,37.3,13.7,100,1.5,35.9,17,15,NA,NA,NA,NA,NA,NA,NA,NA,NA,NA,NA,NA,NA,NA,NA,NA,NA,NA,NA,NA,River completely ice capped. For A11 (antenna) marker tag is reading once/second. *At diversion upstream large amount of water diverts toard reservoir bypassing connecting channel.,
Connectivity Upstream,1/30/2024,"ER, EA",ice,1:44,snow and ice,clear and cold,13.9,13.8,CRCC_CU_A11_20240130_B,CRCC_CU_A12_20240130,E00 24.3,4.5,49.8,13.8,100,1.6,48.2,22,15,NA,NA,NA,NA,NA,NA,NA,NA,NA,NA,NA,NA,NA,NA,NA,NA,NA,NA,NA,NA,"Cull continuosly reading marker tag, reformated detection record. Grounding wire needs to be reattached to rod. ",
Connectivity Upstream,2/13/2024,"ER, SI",ice,15:20,NA,"Cold, clear",14.3,14.3,CRCC_CU_A11_20240213,CRCC_CU_A12_20240213,24.6,3.9,56.7,13.7,100,2,54.8,14,15,NA,NA,NA,NA,NA,NA,NA,NA,NA,NA,NA,NA,NA,NA,NA,NA,NA,NA,NA,NA,,
Connectivity Upstream,3/5/2024,"SG, MK",NA,3:06,snow,Cloudy,13.3,13.1,CRCC_CU_A11_20240305,CRCC_CU_A12_20240305,13.7,9.7,66.4,13.4,100,1.5,64.7,14,15,NA,NA,NA,NA,NA,NA,NA,NA,NA,NA,NA,NA,NA,NA,NA,NA,NA,NA,NA,NA,Cul/All marker tags still always on,
Hitching Post,8/12/2020,"ER, MR",0.89,11:10,none,"partly cloudy, warm",NA,NA,CR_HP_A3_20200812,CR_HP_A4_20200812,21.5,2.8,2.8,14.3,100,0.7,1.5,25,15,0.8,1.3,1,1.3,0.9,1.3,1.1,1.3,NA,NA,NA,NA,NA,NA,NA,NA,Not Quite,Close,Better/OK,OK,"Both A3 and A4 have correct Date/time. Tried 2 different TBS for A3, change TB @ A3 due to slightly better ead range. Neither Antenna is tuning to ""OK""",
Hitching Post,8/20/2020,"MR, SG",Not Recorded,13:00,none,"partly cloudy, warm",NA,NA,CR_HP_A3_20200820,CR_HP_A4_20200820,17.4,1.9,6,13.7,100,0.9,3.8,25,15,1.2,1.35,,0.9,1.35,1.4,,1.25,NA,NA,NA,NA,NA,NA,NA,NA,In Tune,In Tune,Same,Same,Did not get final read ranges after downloads due to thunder/lightning. ,
Hitching Post,9/1/2020,"MR, SG, MK",0.88,16:30,none,"sunny, clear",14.2,14,CR_HP_A3_20200901,CR_HP_A4_20200901,22.4,1.8,10.5,13.7,100,0.9,7.3,25,15,1.25,1.3,NA,NA,1.3,1.3,NA,NA,0.15,0.15,NA,NA,0.1,0.1,NA,NA,In Tune,In Tune,Same,Same,"DS-all detections every 15 min, Date/time OK and Late Longs. US- all detections every 15 min, Date/time OK and Lat/Longs",
Hitching Post,9/30/2020,MR,0.74,11:00,none,sunny,13.9,13.7,CR_HP_A3_20200930,CR_HP_A4_20200930,22.4,1.6,20.1,13.8,100,0.8,15,25,15,1.3,1.1,NA,NA,1.4,1.2,NA,NA,0.2,0.1,NA,NA,0.2,0.1,NA,NA,Ok,OK,Same,Same,"A3 and A4 date, time and marker tags ok, Data dwnload loses Lat Longs",
Hitching Post,10/6/2020,MR,0.82,13:15,none,sunny,14.1,13.7,CR_HP_A3_20201006,CR_HP_A4_20201006,22.1,1.8,22,13.8,100,0.8,16.6,25,15,1.4,1.1,NA,NA,1.35,1.2,NA,NA,0.2,0.1,NA,NA,0.2,0.1,NA,NA,OK,OK,Same,Same,"A3 and A4 date, time and mrker tags ok, No Lat Longs",
Hitching Post,10/8/2020,"SG, MR",0.8,9:40,none,"sunny, hazy",14.8,14.8,CR_HP_A3_20201008,CR_HP_A4_20201008,19.3,3.5,22.7,14.5,100,0.8,17.1,25,15,1.5,0.8,1.35,1.15,1.5,0.75,1.5,1.2,0.2,0.05,0.15,0.15,0.2,0.1,0.15,0.15,OK,Out?,Same,Same,"Tried to tune A4 for 20 min, no ""OK"" or double red lights in tuning box, but detection distances got better",
Hitching Post,10/21/2020,"MR, SG, EF, ER",0.74,14:50,none,sunny,13.9,13.6,CR_HP_A3_20201021,CR_HP_A4_20201021,22.9,2.7,27.7,13.7,100,1.1,21.3,25,15,1.35,1.25,NA,NA,1.4,1.4,NA,NA,NA,NA,NA,NA,NA,NA,NA,NA,OK,OK,Same,Same,,
Hitching Post,11/4/2020,"MR, SG",0.8,11:30,"sticks, cleared",sunny,14,13.6,CR_HP_A3_20201104,CR_HP_A4_20201104,22.4,2.9,32.4,13.7,100,1.1,25.8,25,15,1.3,1.2,NA,NA,1.4,1.2,NA,NA,0.2,0.1,NA,NA,0.2,0.1,NA,NA,OK,OK,Same,Same,"A3 DT wrong upon arrival. Tags did not initially read, turned reader on and off and it worked. Unplugged GNSS after 2nd download and fixed date and time. A4- date and time wrong upon arrival, unplugged GNSS and plugged it back in to fix it. ORSR04 power button beginning to fail. Used ""ON"" and ""ST"" commands in hyperterminal to power on and go to standbye mode",
Hitching Post,12/3/2020,MR,~1.2,14:30,ICE,sunny,13.8,12.9,CR_HP_A3_20201203,CR_HP_A4_20201203,23.6,2.5,41.2,13.8,100,0.9,33.8,25,15,1.4,0.7,NA,NA,NA,NA,NA,NA,0.2,Touching,NA,NA,NA,NA,NA,NA,OK,OK,Same,Same,"A3 and A4 date and time ok. A4 no marker tag, fish only. A4 marker tag changed and all marker tag batteries. New A4 marker tag number ___5665",
Hitching Post,12/10/2020,"MR, SG",ICE,11:10,ICE,overcast,14.5,12.9,CR_HP_A3_20201210,CR_HP_A4_20201210,14.9,3.1,43.3,14.5,100,0.9,35.8,25,15,NA,NA,NA,NA,NA,NA,NA,NA,NA,NA,NA,NA,NA,NA,NA,NA,NA,NA,NA,NA,Iced over. Date and times ok. Firmware update 1.86,
Hitching Post,1/5/2021,"MR, SG",ICE,13:40,ICE,"cold, clear",14.2,14.3,CR_HP_A3_20210105,CR_HP_A4_20210105,15.2,5.6,49.8,14.2,100,0.9,42.9,25,14,NA,NA,NA,NA,NA,NA,NA,NA,NA,NA,NA,NA,NA,NA,NA,NA,NA,NA,NA,NA,,
Hitching Post,2/2/2021,"MR, SG",ICE,12:15,ICE,cloudy,13.8,13.7,CR_HP_A3_20210202,CR_HP_A4_20210202,19.2,2.3,59.5,13.8,100,1,50.9,25,15,NA,NA,NA,NA,NA,NA,NA,NA,NA,NA,NA,NA,NA,NA,NA,NA,NA,NA,NA,NA,,
Hitching Post,3/2/2021,"MR, SG",ICE,12:15,ICE,"clear,sunny",14.5,13.7,CR_HP_A3_20210302,CR_HP_A4_20210302,22.1,2,68.4,13.8,100,0.8,59,25,15,NA,NA,NA,NA,NA,NA,NA,NA,NA,NA,NA,NA,NA,NA,NA,NA,NA,NA,NA,NA,,
Hitching Post,4/6/2021,MR,0.94,12:00,"yes, removed",sunny,14,13.9,CR_HP_A3_20210406,CR_HP_A4_20210406,23.5,1.8,80,13.8,100,0.8,68.6,25,15,NA,NA,NA,NA,NA,NA,NA,NA,NA,NA,NA,NA,NA,NA,NA,NA,NA,NA,NA,NA,"Pressure tansducers downloaded. No Ice. Air transducer data from 8/7/2020 was set to a 1 second interval, no data. Chaned interval to an hour and setset.",
Hitching Post,5/5/2021,ERF,0.78,15:00,"yes, small sticks removed",sunny,13.6,13.5,CR_HP_A3_20210505,CR_HP_A4_20210505,23.8,2.7,93.9,13.7,100,1.5,81.1,25,15,1.4,1.32,1.34,1.26,1.34,1.5,1.46,1.34,0.26,0.2,0.24,0.2,0.3,0.28,0.28,0.2,ok,ok,ok; never returned fully,ok; never returned fully,,
Hitching Post,6/3/2021,ER,0.86,12:50,"willows, sticks removed",sunny and warm,13.9,13.4,CR_HP_A3_20210603,CR_HP_A4_20210603,22.1,3.5,109,13.7,100,1.4,94.4,25,15,1.3,1.3,NA,NA,NA,NA,NA,NA,0.25,0.25,NA,NA,NA,NA,NA,NA,ok,ok,NA,NA,"HP4 antenna PVC broke @3rd cross-member from River Left. Attempted to stabilize the broken PVC w/strips. HP3 = 6457 records. HP4 = 11,704. Did not tune either antenna",
Hitching Post,7/29/2021,"SG, ER",0.94,10:00,Sticks,sunny and warm,14.6,14.6,CR_HP_A3_20210729,CR_HP_A4_20210729,15,7.5,139.4,14.3,100,1.5,120.4,25,15,1.35,1.3,NA,NA,1.4,1.4,NA,NA,0.2,0.15,NA,NA,0.2,0.2,NA,NA,OK,OK,NA,NA,"Tuning was ok, did not attempt to tune. Temporary antenna repair is holding, but permanent repari is needed",
Hitching Post,8/31/2021,"SG, ER",0.9,13:10,sticks and algae,sunny and warm,14.1,14,CR_HP_A3_20210831,CR_HP_A4_20210831,21.6,3,156.9,13.7,100,1.4,135.6,25,15,1.25,1.2,NA,NA,1.4,1.2,NA,NA,0.2,0.15,NA,NA,0.3,0.2,NA,NA,ok,ok,NA,NA,Most detections on both antennas made by fish ending in 2723. Did not tune. Lots of algae. Repair broken PUC on HP4 w/rubber coupling and hose clamps,
Hitching Post,10/6/2021,"KK, SG",0.69,14:10,algae leaves,"Cloudy, Windy",13.7,13.9,CR_HP_A3_20211006,CR_HP_A4_20211006,18.4,3.2,175.3,13.8,100,1.5,152.3,25,15,1.39,1.19,NA,NA,1.43,1.29,NA,NA,0.14,0.09,NA,NA,0.25,0.16,NA,nA,NA,nA,NA,NA,NA,
Hitching Post,11/9/2021,"ER, SG, KK",0.7,11:10,some sticks,"sunny, cold",14.2,13.4,CR_HP_A3_2-2111-9,CR_HP_A4_20211109,19.2,4.5,191.9,14.3,100,1.5,167.7,25,15,1.3,1.4,NA,NA,1.4,1.45,NA,NA,0.2,0.2,NA,NA,0.3,0.2,NA,NA,OK,OK,NA,NA,"Replaced duckbill on HP4 (RL) and added 2 ratchet straps. Downloaded PTs, replaced marker tag batteries, tightened all antenna straps, 2-3 joints on HP4 have come unglued or are broken, tuning ok to good, downloaded detections",
Hitching Post,11/30/2021,"SG, KK",0.84,10:40,"ice, ice forming submerged on antenna/straps",sunny and cold,14.7,14.7,CR_HP_A3_20211130,CR_HP_A4_20211130,19,5.9,202.2,14.3,100,1.4,177.5,25,15,1.3,1.2,NA,NA,1.5,1.3,NA,NA,0.2,0.2,NA,NA,0.3,0.2,NA,NA,NA,NA,NA,NA,"updated FW from 1.86 to 1.992. Detection distances same before/after update. Initialized reader. Changed fields, corrected side code. GPS time correct. New straps and duckbill held. ",
Hitching Post,1/10/2022,"SG, KK",ICE,13:00,Ice/NA,-3F frozen solid,12.2,11.7,NA,NA,12.2,3.4,213.4,11.8,30,1.4,196.8,25,15,NA,NA,NA,NA,NA,NA,NA,NA,NA,NA,NA,NA,NA,NA,NA,NA,NA,NA,NA,NA,"solar covered 75% in snow, battery at 30%. Quickly rose after clearing snow. River is frozen on the way under and past the bridge ",
Hitching Post,2/3/2022,"KK, SG",ICE,13:15,ICE/NA,"-8F, ton of snow",14,14.3,CR_HP_A3_20220203,CR_HP_A4_20220203,20.3,16.8,230.6,14.3,57,1.7,208.8,25,15,NA,NA,NA,NA,NA,NA,NA,NA,NA,NA,NA,NA,NA,NA,NA,NA,NA,NA,NA,NA,"River frozen, battery capacity 57% on arrival, solar 95% covered. 100% after 3 minutes. Some weird symbols on initial reader connection on HP3. Replaced VGA/USB cable, pin was bent",
Hitching Post,3/11/2022,"KK, MK",ICE,12:00,Ice/NA,"Partly cloudy, 0F, lots of snow",13.5,13.7,CR_HP_A3_20220311,CR_HP_A4_20220311,24.6,2.9,253.7,13.8,100,1.6,227.1,25,15,NA,NA,NA,NA,NA,NA,NA,NA,NA,NA,NA,NA,NA,NA,NA,NA,NA,NA,NA,NA,"river frozen, battery 100%, solar clear. Same fish on US antenna just hanging around. 142723 possible ghost on lower (DS) antenna ",
Hitching Post,4/6/2022,"ER, SI",0.73,12:00,some ice,"cold, windy, partly cloudy",14.1,13.9,CR_HP_A3_20220406,CR_HP_A4_20220406,24.2,4.1,269.7,13.7,100,1.5,279.7,25,15,1.35,0.9,NA,NA,0.25,Touching,NA,NA,0.25,Touching,NA,NA,0.15,0.2,NA,NA,Ok,Ok,NA,NA,HP4 needs at least 4 PVC repairs. HP3 needs at least 2 new duckbills and river straps,
Hitching Post,5/3/2022,"ER, MK, SI",0.63,9:20,"Sticks, log ","overcast, cool",14.2,14.2,CR_HP_A3_20220503,CR_HP_A4_20220503,19.4,4.1,283.9,14.5,100,1.5,252.2,25,15,1.4,0.95,NA,NA,1.3,1.15,NA,NA,0.2,0.15,NA,NA,0.2,0.2,NA,NA,ok,ok,NA,NA,Looks good,
Hitching Post,6/2/2022,"ER, SI, CD, JL",0.66,10:38,sticks,clear,NA,14.2,CR_HP_A3_20220602,CR_HP_A4_20220602,22.6,4.8,299.6,14.5,100,1.5,266,25,15,NA,1.1,NA,NA,NA,1.2,NA,NA,NA,0.2,NA,NA,NA,0.2,NA,NA,NA,ok,NA,NA,"Repair PVC near T joint on HP3, 7th from RR on downstream side. No detection distance on HP3 because there is a ghost tag on the antenna. ",
Hitching Post,6/28/2022,"CD, SI",1.05,10:48,"Sticks, Logs   ",sunny,14.1,14.5,CR_HP_A3_20220628,CR_HP_A4_20220628,22.2,5.1,313.3,14.3,100,1.4,277.6,25,15,1.32,1.25,NA,NA,1.5,1.25,NA,NA,0.4,0.3,NA,NA,0.35,0.23,NA,NA,OK,OK,NA,NA,"All looks the same, some sediment burial",
Hitching Post,8/9/2022,"SI, MK, ER, EF",0.8,14:40,"Sticks, Algae","sunny, clear",14.1,13.6,CR_HP_A3_20220809,CR_HP_A4_20220809,21.4,2.8,334.9,13.7,100,1.2,296,25,15,1.3,1.14,NA,NA,1.48,1.15,NA,NA,0.14,0.21,NA,NA,0.18,0.16,NA,NA,In Tune,In Tune,NA,NA,Antenna repaired! Full suite of detection distances. Added rubber gaskets and braced broken areas. ,
Hitching Post,8/29/2022,"SI, MK",0.78,18:20,None,Clear,13.2,13.3,CR_HP_A3_20220829,CR_HP_A4_20220829,13.6,0.7,345,13.3,100,1.3,304.9,25,15,1.75,1.65,NA,NA,1.74,1.69,NA,NA,0.41,Touching,NA,NA,0.38,0.22,NA,NA,Ok,OK,NA,NA,,
Hitching Post,10/5/2022,"BH, SI  ",0.62,14:40,Sediment,Clear,13.6,13.9,CR_HP_A3_20221005,CR_HP_A4_20221005,22.6,3,363.3,13.7,100,1.4,321.3,25,15,1.35,1.15,NA,NA,1.5,1.15,NA,NA,0.25,0.2,NA,NA,0.25,0.2,NA,NA,ok,ok,NA,NA,All good ,
Hitching Post,11/2/2022,"SI, LR",0.65,11:20,Sediment,clear,14.8,15,CR_HP_A3_20221102,CR_HP_A4_20221102,23.5,5.9,376.8,14.3,100,1.4,334.1,25,15,1.05,0.95,NA,NA,1,0.95,NA,NA,Touching,NA,NA,NA,0.2,NA,NA,NA,ok,not tuned,NA,NA,"Didn't tune due to time constraints, everything else looks good. Repairs holding up",
Hitching Post,12/1/2022,"SI, BH",ICE,12:00,ICE,"sunny, breezy",14.5,13.7,CR_HP_A3_20221201,CR_HP_A4_20221201,19,11.6,391,13.6,100,1.5,348.2,25,15,NA,NA,NA,NA,NA,NA,NA,NA,NA,NA,NA,NA,NA,NA,NA,NA,NA,NA,NA,NA,"Date/time off by one hour because of daylight savings, did NOT adjust time on reader. River mostly frozen, thalweg clear. Set cameras to time lapse, interval = every 30 min",
Hitching Post,12/27/2022,"SI, BH",ICE,11:35,ICE,"foggy, cold",11.7,12,CR_HP_A3_20221227,CR_HP_A4_20221227,12.4,3.2,395.1,12.1,44,1.5,360.1,25,15,NA,NA,NA,NA,NA,NA,NA,NA,NA,NA,NA,NA,NA,NA,NA,NA,NA,NA,NA,NA,"Knocked snow/ice off solar panels, battery capacity rose. Changed camera (RR) time lapse interval to 1 hour",
Hitching Post,2/1/2023,ER BH,ICE,13:00,Ice/snow,"Sunny, cold",13.4,14.4,CR_HP_A3_20230201,CR_HP_A4_20230201,14.9,31,407.6,14.3,100,1.5,373.9,25,15,NA,NA,NA,NA,NA,NA,NA,NA,NA,NA,NA,NA,NA,NA,NA,NA,NA,NA,NA,NA,"Solar panels were completely covered in snow, battery capacity was 14%. Capacity rose to 100% after clearing off snow. Changed both camera SD cards",
Hitching Post,3/7/2023,"MK, BH",ICE,13:15,Ice/snow,"Sunny, cold",14.6,13.6,CR_HP_A3_20230307,CR_HP_A4_20230307,23.6,3.9,434.2,13.9,100,1.5,388.7,25,15,NA,NA,NA,NA,NA,NA,NA,NA,NA,NA,NA,NA,NA,NA,NA,NA,NA,NA,NA,NA,No snow/ice on solar panels. Downstream antenna might have ghost tag,
Hitching Post,4/4/2023,"BH, SI",0.5,13:40,"algae, branches",Snow Storm ,13.2,12.8,CR_HP_A3_20230404,CR_HP_A4_20230404,13.2,3.2,449.4,12.9,85,1.4,401.7,25,15,NA,NA,NA,NA,NA,NA,NA,NA,NA,NA,NA,NA,NA,NA,NA,NA,NA,NA,NA,NA,"High winds and snow, didn't do detection distances. Antennas look good ",
Hitching Post,5/4/2023,"BH, SI",1.92,11:30,can't see,"cloudy, drizzly",13.6,13.2,CR_HP_A3_20230504,CR_HP_A4_20230504,13.6,1.7,465.3,13.3,100,1.2,415.1,25,15,NA,NA,NA,NA,NA,NA,NA,NA,NA,NA,NA,NA,NA,NA,NA,NA,NA,NA,NA,NA,"Very high flows, 1600 cfs this morning. Too deep/fast to do detection distances, but was able to detect tags.",
Hitching Post,5/18/2023,"SI, ER, BH",1.94,11:30,log/tree on downstream,cloudy,13.9,13.7,CR_HP_A3_20230518,CR_HP_A4_20230518,23.1,1.7,471.2,13.8,100,0.8,419.7,25,15,NA,NA,NA,NA,NA,NA,NA,NA,NA,NA,NA,NA,NA,NA,NA,NA,NA,NA,NA,NA,Downstream antenna is detecting but very inconsistenyl and only while touching with tag. ,
Hitching Post,6/6/2023,"ER, MK, EF, SI",1.45,9:00,tree on downstream,sunny,13.2,13.2,CR_HP_A3_20230606,CR_HP_A4_20230606,13.4,1.6,477,13.1,93,0.6,423.8,25,15,Touching,0.7,NA,NA,NA,NA,NA,NA,NA,NA,NA,NA,NA,NA,NA,NA,out,out,ok,better,"Repaired HP3 connection to tuning box, continuous detection (23000142772) on hp3 after repair. Checked the next day and was still detecting, potential ghost tag. New fishing rod test tag;230000087401.",
Hitching Post,6/23/2023,"SI,ER",submerged,13:28,Tree/log still there,sunny,14.1,13.9,CR_HP_A3_20230623,CR_HP_A4_20230623,22.4,4.2,486.9,13.7,100,1.7,432.8,25,15,NA,NA,NA,NA,NA,NA,NA,NA,NA,NA,NA,NA,NA,NA,NA,NA,NA,NA,NA,NA,"Ghost tag (?) off on downstream tree is still there. Reparied antenna looks good and detecting fish and marker tag. 10 casts; RB-LB: 1nn,2nn,3nn,4un,5nn,6nn,7nn,8nn,9un,10nd. Upstream:2/10. downstream:3/10.",
Hitching Post,7/27/2023,"SI, MM, ER, MK",0.62,11:42,Tree,Sunny,13.9,14.1,CR_CF_A3_20230727,CR_CF_A4_20230727,22.2,4,502.9,14.7,100,1.5,446.2,25,15,NA,NA,NA,NA,NA,NA,NA,NA,NA,NA,NA,NA,NA,NA,NA,NA,NA,NA,NA,NA,"Removed tree on HP3, the ? got pulled through, HP3 needs to be replaced, HP4 has ghost tag.",
Hitching Post,8/1/2023,"SI, MM",NA,11:55,NA,sunny,NA,NA,NA,NA,21.8,2,504.9,13.8,100,0.8,447.5,25,15,NA,NA,NA,NA,NA,NA,NA,NA,NA,NA,NA,NA,NA,NA,NA,NA,NA,NA,NA,NA,HP3 Antenna is broken. HP4 reader box died after pulling ghost tag off. HP4 bos is no longer receiving power. Temperorary solution; switched antenna hp4 with reader box HP3. is this okay? Bringing reader box home. ,
Hitching Post,8/29/2023,"MK, MM",0.73,14:28,None,Sunny,NA,14.1,NA,CR_HP_A4_20230829,21.5,1.8,515.3,13.8,100,0.9,455.7,25,15,0.2,1.2,NA,NA,0.25,1.35,NA,NA,NA,NA,NA,NA,NA,NA,NA,NA,NA,NA,NA,NA,Removed debris from antenna. Photo taken of PC screen showing supply voltage. ,
Hitching Post,9/19/2023,SI,0.54,9:20,None,Foggy,NA,14.6,NA,CR_HP_A4_20230919,14.8,2.5,522.6,14.5,100,0.2,461.7,25,15,1.35,0.8,1.35,0.9,1.35,0.7,1.2,1,NA,NA,NA,NA,NA,NA,NA,NA,NA,NA,NA,NA,May need to reset pressure transducer. Downloading HP4 (HP3 reader) before putting new antennas in. ,
Hitching Post,10/3/2023,"SI, MM",0.5,17:12,None,Cloudy,12.2,11.8,CR_HP_A3_20231003,CR_HP_A4_20231003,14.2,0.9,522.6,12.2,49,1.1,466.8,25,15,1.1,0.9,NA,NA,1,0.9,NA,NA,0.1,Touching,NA,NA,Touching,Touching,NA,NA,ok,ok,NA,NA,Disconnect off for two weeks. Battery was 49%,
Hitching Post,10/18/2023,"ER, EF, SI",0.47,10:50,NA,Mostly sunny,NA,NA,CR_HP_A3_20231018,CR_HP_A4_20231018,19.1,3.1,534.1,14.3,100,0.7,472.6,25,15,1.5,1.1,NA,NA,1.55,1.2,NA,NA,0.25,0.3,NA,NA,0.15,0.2,NA,NA,ok,ok,NA,NA,Tunned both antenna prior to detection distance. Downloaded PTs.,
Hitching Post,10/31/2023,"SI, CB",0.57,12:20,None,"Cold, Sunny",NA,NA,CR_HP_A3_20231031,CR_CF_A4_20231031,23.9,8.2,540.2,14.2,100,1.6,4479.1,25,15,1.45,1.05,NA,NA,1.55,1.3,NA,NA,0.3,0.15,NA,NA,0.45,0.25,NA,NA,ok,ok,NA,NA,,
Hitching Post,11/28/2023,"MM, SI",0.65,11:28,Ice,Sunny,14.9,13.9,CR_HP_A3_20231128,CR_HP_A4_20231128,19.5,7.4,555.5,14.5,100,1.7,493.4,25,15,1.35,1.2,NA,NA,NA,NA,NA,NA,0.35,0.1,NA,NA,NA,NA,NA,NA,ok,ok,NA,NA,Cannot conduct dietection distances in center channesl due to river ice.,
Hitching Post,1/4/2024,"MM, MK",ICE,10:45,NA,partly cloudy,14.2,14.1,CR_HP_A3_20240104,CR_HP_A4_20240104,19.7,6.9,572.9,14.4,100,1.8,510.2,25,15,NA,NA,NA,NA,NA,NA,NA,NA,NA,NA,NA,NA,NA,NA,NA,NA,NA,NA,NA,NA,River iced over completely. ,
Hitching Post,1/30/2024,"ER, EA",ICE,11:33,snow,clear and cold,14.5,13.8,CR_HP_A3_20240130,CR_HP_A4_20240130,16.7,16.3,581.7,14.7,100,1.6,521,25,15,NA,NA,NA,NA,NA,NA,NA,NA,NA,NA,NA,NA,NA,NA,NA,NA,NA,NA,NA,NA,Could not detect tags. SD card not replaced.,
Hitching Post,3/5/2024,"MK, SG",ICE,1:20,snow,cloudy,12.4,12.7,CR_HP_A3_20240305,CR_HP_A4_20240305,12.8,0.5,599.6,12.4,64,1.2,535.3,25,15,NA,NA,NA,NA,NA,NA,NA,NA,NA,NA,NA,NA,NA,NA,NA,NA,NA,NA,NA,NA,"On DTY code for HP4 gives ""bad year"" but date and time are correct (2024-03-05 - 14:31:30). Swept snow off panels.",
Red Barn,8/12/2020,"ER, MR",1.2,10:20,none,"sunny, warm",NA,NA,CR_RB_A1_20200812,CR_RB_A2_20200812,22,5.6,5.1,14.3,100,2.8,7,25,15,1.5,1.85,NA,NA,1.5,1.8,NA,NA,NA,NA,NA,NA,NA,NA,NA,NA,In Tune,In Tune,Same,Same,Antennas were in tune upon arrival and were not tuned. Timestamp is wrong on A1 but A2 is correct. Reset date/time on A1 with GPS but A2 was then incorrect. Reset date/time on A2 manually.,
Red Barn,8/20/2020,"MR, SG",1.2,11:10,none,sunny  ,NA,NA,CR_RB_A1_20200820,CR_RB_A2_20200820,21.9,3.8,10.3,13.7,100,3.1,14.5,25,15,1,1.9,1.45,1.9,1.5,1.85,1.5,1.9,NA,NA,NA,NA,NA,NA,NA,NA,In Tune,In Tune,Same,Same,"RB1 DT OK. Lat Long not recording. RB2 DT OK. Lat Long not recording. Detections ""Final"" after firmware update and switching RB2 to Host. RB1 lost ability to get GPS signal without being hooked by usb as node. Both firmware update to V1.8",
Red Barn,9/2/2020,"MR, MK, SG",1.16,16:00,none,"sunny, clear",13.5,13.6,CR_RB_A1_20200902,CR_RB_A2_20200902,22.4,3.3,18.3,13.8,100,3.1,26.6,25,15,1.95,1.85,NA,NA,1.9,1.8,NA,NA,0.4,0.35,NA,NA,0.4,0.35,NA,NA,Not Tuned,In Tune,"""OK""",Same,"US- Date/time ok, all marker tags reading every15 min. No Lat Long. DS- Date/time ok, marker tags reading every 15 min, No Lat Long. ORSR01 switched to ORSR07 (backup). Both readers have their own GPS, A1 has USB to ""out"" (host), A2 has USB to ""in"" (node). Both say ""Host"" on HyperTermianl. ORSO7 has firmware update V1.8.",
Red Barn,9/30/2020,MR,1,10:05,none,sunny,14,13.5,CR_RB_A1_20200930,CR_RB_A2_20200930,19,6.6,37.5,14.3,100,3.3,54.7,25,15,2,1.8,NA,NA,1.95,1.75,NA,NA,0.4,0.35,NA,NA,0.4,0.3,NA,NA,OK,OK,Same,Same,"A1 and A2, Date, Time and Marker tags ok. No Lat Long",
Red Barn,10/6/2020,MR,1.1,15:50,none,sunny,14.2,13.6,CR_RB_A1_20201006,CR_RB_A2_20201006,18.4,4,41.9,13.7,100,3.2,60.9,25,15,1.95,1.85,NA,NA,2,1.9,NA,NA,0.45,0.35,NA,NA,0.4,0.3,NA,NA,OK,OK,Same,Same,"4pm A1 and A2 date, time and marker tags ok, No Lat Long",
Red Barn,10/8/2020,MR,1,9:00,none,"sunny, hazy",15.1,14.3,CR_RB_A1_20201008,CR_RB_A2_20201008,19.5,8.9,42.8,14.7,100,3.1,62.5,25,15,1.95,1.9,NA,NA,1.9,1.9,NA,NA,0.4,0.4,NA,NA,0.4,0.35,NA,NA,OK,OK,Same,Same,"A1 and A2, Date, Time and Marker tags ok. No Lat Long",
Red Barn,10/21/2020,MR,1.1,16:30,none,sunny,13.8,14.1,CR_RB_A1_20201021,CR_RB_A2_20201021,18.7,4.2,51.9,13.9,100,2.9,75.6,25,15,1.55,1.85,NA,NA,1.45,1.8,NA,NA,0.35,0.35,NA,NA,0.35,0.3,NA,NA,OK,OK,Same,Same,Had to scare a fish off Ant 1,
Red Barn,11/4/2020,"MR, SG",1.1,10:15,none,sunny,14.8,13.6,CR_RB_A1_20201104,CR_RB_A2_20201104,23,6.9,59.7,14.6,100,3.2,88.4,25,15,NA,2,NA,NA,NA,2,NA,NA,NA,0.3,NA,NA,NA,0.3,NA,NA,NA,OK,NA,Aame,A1- Cannot get tag number __228791 off the antenna. Computer went to sleep during download but the download completed but this somehow changed the date. Could not do detections on A1 because the tag. Removed Lat and Long from download file.,
Red Barn,12/3/2020,"MR, SG",ICE,13:20,ICE,sunny,13.7,13.9,CR_RB_A1_20201203,CR_RB_A2_20201203,18.9,4.8,77.8,13.8,100,3.1,116,25,15,NA,NA,NA,NA,NA,NA,NA,NA,NA,NA,NA,NA,NA,NA,NA,NA,NA,NA,NA,NA,"A1 and A2, Date, Time OK. Both readers when on when arriving. Turned off at 11am",
Red Barn,12/10/2020,"MR, SG",ICE,10:20,ICE,overcast,13.8,13.5,CR_RB_A1_20201210,CR_RB_A2_20201210,13.6,4.4,81.7,13.3,100,3,122.4,25,15,NA,NA,NA,NA,NA,NA,NA,NA,NA,NA,NA,NA,NA,NA,NA,NA,NA,NA,NA,NA,"A1 and A2, date and time OK. Tag ___791 still on antenna 1. After firmware ""noise"" light was on Reader 1, tunred off and on again and it fixed it. Firmware 1.86 updated. ",
Red Barn,1/5/2021,"MR, SG",ICE,13:00,ICE,snowing,13.2,12.4,CR_RB_A1_20210105,CR_RB_A2_20210105,12.8,0.8,93.2,12.5,67,2.6,144.6,25,15,NA,NA,NA,NA,NA,NA,NA,NA,NA,NA,NA,NA,NA,NA,NA,NA,NA,NA,NA,NA,"Solar panels covered with one inch of snow, removed before leaving site",
Red Barn,2/2/2021,"SG, MR",ICE,11:40,ICE,cloudy ,13.9,13.9,CR_RB_A1_20210202,CR_RB_A2_20210202,14.2,3.8,109.6,13.9,100,2.7,167.7,25,15,NA,NA,NA,NA,NA,NA,NA,NA,NA,NA,NA,NA,NA,NA,NA,NA,NA,NA,NA,NA,"Both readers upon arrival. A1 dd not register any new detections since last visit, including ghost tag and marker tag",
Red Barn,3/2/2021,"SG, MR",ICE,11:50,ICE,"Ice, snow",14.5,13.8,CR_RB_A1_20210302,CR_RB_A2_20210302,22.8,3.3,123.2,13.7,100,2.7,190.6,25,15,NA,NA,NA,NA,NA,NA,NA,NA,NA,NA,NA,NA,NA,NA,NA,NA,NA,NA,NA,NA,,
Red Barn,4/6/2021,"SG, MR",1.46,10:40,none,"sunny, clear, no ice",14.3,13.9,CR_RB_A1_20210406,CR_RB_A2_20210406,23.2,4.3,142.3,13.9,100,2.8,220,25,15,1.25,0.8,1.35,2,1.25,1.2,1.3,1.8,0.2,touching,0.2,0.3,0.25,touching,0.2,0.4,OK,Out,Ok,OK,readers off to find ghost tag at 10:47AM downloaded pressure transducers. RB_20210406_air and RB_20210406_water. A2 never saw green or double blink for tuning. A1 good detections but we tuned anyways and got the green light,
Red Barn,5/5/2021,ERF,2.7,13:45,some small sticks cleared,sun w/random rain,14.2,14.1,CR_RB_A1_20210505,CR_RB_A2_20210505,19.1,4.4,162.6,13.8,100,3.4,249.4,25,15,1.26,1.86,1.26,1.9,1.1,1.9,1.26,1.96,0.28,0.4,0.16,0.42,0.12,0.42,0.2,0.4,ok,ok,ok,out of tune/back to original setting,,
Red Barn,6/3/2021,ER,1.35,10:50,none,sunny and warm,14.3,13.9,CR_RB_A1_20210603,CR_RB_A2_20210603,22.4,6,184.7,14.3,100,3.5,280.5,25,14,1.2,1.6,1.2,NA,1.2,1.7,1.3,NA,0.15,0.3,0.2,NA,0.2,0.4,0.2,NA,out of tune/ok,ok,ok,ok,"RB1 = 5038 records in upload. RB2 = 6180 records in upload. Tuned RB1, or tried to. Did not tune RB2",
Red Barn,7/29/2021,"SG, ER",1.6,9:20,none,Sunny and Warm,14.8,14.1,CR_RB_A1_20210729,CR_RB_A2_20210729,14.8,6.6,221.7,14.4,100,3.1,333.9,25,15,1.65,1.9,NA,NA,1.5,1.85,NA,NA,0.2,0.3,NA,NA,0.2,0.3,NA,NA,OK,OK,NA,NA,"May need to replace staff gauge due to corrosion. Tag 230000272103 detected repeatedly in July; appears to be fish, not ghost tag. Did not tune either, both were good.",
Red Barn,8/31/2021,"ER, SG",1.35,12:20,lots of algae,Sunny and warm,14.1,14.1,CR_RB_A1_20210831,CR_RB_A2_20210831,21.8,3.8,242.2,13.7,100,3.1,364.8,25,15,1.2,1.8,NA,NA,1.2,1.85,NA,NA,0.2,0.3,NA,NA,0.15,0.4,NA,NA,ok,In Tune,NA,NA,"Water is turbid, did not tune antennas",
Red Barn,10/6/2021,"SG, KK",1.18,13:30,algae,"Cloudy, Windy, Brisk",13.9,13.6,CR_RB_A1_20211006,CR-RB_A2_20211006,18.6,3.7,263.4,13.8,100,3.2,397.9,25,15,1.1,1.85,NA,NA,1.2,1.8,NA,NA,0.15,0.35,NA,NA,0.15,0.4,NA,NA,NA,NA,NA,NA,NA,
Red Barn,10/21/2021,"SG, KK, ER",1.12,NA,Algae,Sunny and cold,NA,NA,NA,NA,23.8,7,271.6,14.8,100,2.1,411.1,25,15,1.05,1.95,1.1,NA,1,2,1.25,NA,0.1,0.4,0.05,NA,0.05,0.35,0.15,NA,On the edge,In tune,Ok (better),NA,Full suite of detection distances prior to tuning. No data downloads. Only tuned DS antenna (RBr),
Red Barn,11/9/2021,"ER, SG, KK",1.1,9:15,algae and sticks,sunny and cold,14.3,14.6,CR_RB_A1_20211109,CR_RB_A2_20211109,19.3,9.2,283.7,14.5,100,3.4,430,25,15,1.2,1.9,NA,NA,1.25,1.9,NA,NA,0.15,0.4,NA,NA,0.2,0.35,NA,NA,ok,ok,NA,NA,"cleaned debris, added 2 ratchet straps to DS antenna, tightened all straps for winter. Replaced staff gage. Downloaded H20 and Air HOBOS. Replaced marker tag batteries",
Red Barn,11/30/2021,"SG, KK",1.13,9:40,"None, floating ice","sunny, cold",14.5,14.1,CR_RB_A1_20211130,CR_RB_A2_20211130,19.2,7.7,297.4,14.4,100,3.2,450.7,25,15,1.08,1.84,NA,NA,1.13,1.86,NA,NA,0.12,0.41,NA,NA,0.16,0.4,NA,NA,NA,NA,NA,NA,"updated FW from 1.86 to 1.992. Detection distance same before/after update. Initialized reader, changed fields, corrected side code. GPS time correct. All smooth. New ratchet straps in stream held.",
Red Barn,1/10/2022,"SG, KK",ICE,12:15,Ice,"-3F, Frozen over, Deep snow",12,12.3,NA,NA,12.1,4.1,309.7,11.8,35,2.6,484.6,25,15,NA,NA,NA,NA,NA,NA,NA,NA,NA,NA,NA,NA,NA,NA,NA,NA,NA,NA,NA,NA,"solar approximately 75% covered in snow, battery at 32%, after snow clear. Battery back to 65% in 5 minutes. River completely frozen, no detections",
Red Barn,2/3/2022,"KK, SG",ICE,12:20,Ice,"-10F, ton of snow",14.3,14.6,CR_RB_A1_20220203,CR_RB_A2_20220203,20.2,10.9,326.9,14.3,59,2.9,504.1,25,15,NA,NA,NA,NA,NA,NA,NA,NA,NA,NA,NA,NA,NA,NA,NA,NA,NA,NA,NA,NA,"river frozen. Battery capacity 59% on arrival, solar 90% covered in snow. 100% capacity after five minutes of cleared",
Red Barn,3/11/2022,"KK, MK",ICE,11:10,Ice,"-3F, sunny, snow",14.3,13.7,CR_RB_A1_20220311,CR_RB_A2_20220311,24,3.4,347.3,13.7,100,2.9,534.1,25,15,NA,NA,NA,NA,NA,NA,NA,NA,NA,NA,NA,NA,NA,NA,NA,NA,NA,NA,NA,NA,"river frozen, battery 100%, solar clear",
Red Barn,4/6/2022,"ER, SI",1.24,10:30,Ice ,"Sunny, Windy",14.2,13.6,CR_RB_A1_20220406,CR_RB_A2_20220406,23.7,3.6,363.9,13.8,100,3.1,557.1,25,15,0.8,0.2,1,1.55,0.5,0.6,1,1.5,None,Touching,0.2,0.25,None,None,0.4,0.45,Out of tune ,Out of tune,OK,OK,change marker tags next time. Reader name on AI was off. Water turbid. Stage stick was damaged by ice and needs to be replaced,
Red Barn,5/3/2022,"ER, MK, SI",0.78,8:40,Sticks,"Overcast, Cool",14.5,14.8,CR_RB_A1_20220503,CR_RB_A2_20220503,14.4,7.6,380.7,14.1,100,3.2,582.5,25,15,1.3,1.7,NA,NA,1.3,1.7,NA,NA,0.4,0.3,NA,NA,0.15,0.35,NA,NA,ok,ok,NA,NA,Looks good,
Red Barn,6/2/2022,"ER, SI, CD, JL",0.9,9:35,Sticks,Clear,14.7,14.3,CR_RB_A1_20220602,CR_RB_A2_20220602,19,6.3,399.2,14.2,100,3.2,610.5,25,15,1.05,1.65,1.05,NA,1.1,1.6,1.15,NA,0.25,0.38,0.2,NA,0.25,0.4,0.3,NA,Almost ok,ok,ok,NA,"Need to repair t joint on RB2, 3rd from RR on DS side. Tuned RB1",
Red Barn,6/28/2022,"SI, CD",1.5,9:54,"Sticks, Algae",Cloudy,14.4,14.6,CR_RB_A1_20220628,CR_RB_A2_20220628,14.8,4.6,413.7,14.5,100,2.9,632.5,25,15,0.95,1.55,NA,NA,1.15,1.5,NA,NA,0.3,0.3,NA,NA,0.3,0.31,NA,NA,Ok,In Tune,NA,NA,All looks good,
Red Barn,8/9/2022,"SI, ER, Others",1.08,13:05,"Algae, Vegetation","clear, sunny",14.6,14.1,CR_RB_A1_20220809,CR_RB_A2_20220809,21.1,3,437.1,13.8,100,3,668.6,25,15,1.09,1.45,NA,NA,1.18,1.45,NA,NA,0.2,0.24,NA,NA,0.2,0.22,NA,NA,OK,OK,NA,NA,"Patched damaged PVC joints and added additional ratchet straps, did not tune. Full suite of detection distances in Eric's notebook.",
Red Barn,8/29/2022,"SI, MK",1.06,17:50,Algae,Clear,13.8,13.4,CR_RB_A1_20220829,CR_RB_A2_20220829,13.6,1.1,447.8,13.3,100,2.7,685.7,25,15,1.1,1.4,NA,NA,1.23,1.66,NA,NA,0.15,0.18,NA,NA,0.16,0.25,NA,NA,ok,ok,NA,NA,Looks good,
Red Barn,10/5/2022,"BH, SI, ER, MK",0.82,13:30,Algae,Clear,14.2,13.9,CR_RB_A1_20221005,CR_RB_A2_20221005,22,3.8,466.6,13.9,100,3,716.6,25,15,1.1,1.61,NA,NA,1.15,1.65,NA,NA,0.1,0.25,NA,NA,0.15,0.21,NA,NA,ok,ok,NA,NA,Changed sd cards on camera,
Red Barn,11/2/2022,"SI, LR",0.9,10:30,"Algae, Sediment",Clear,14.8,15.1,CR_RB_A1_20221102,CR_RB_A2_20221102,23.1,5.9,480.4,14.5,100,2.9,740.1,25,15,1,1.6,NA,NA,0.9,1.5,NA,NA,NA,NA,NA,NA,0.1,0.1,NA,NA,ok,ok,NA,NA,Everything looks good. Tightened two ratchet straps ,
Red Barn,12/1/2022,"SI, BH",ICE,11:00,Ice,"sunny, windy",14.2,14,CR_RB_A1_20221201,CR_RB_A2_20221201,19,6.3,492.9,13.7,100,2.7,762.8,25,15,NA,NA,NA,NA,NA,NA,NA,NA,NA,NA,NA,NA,NA,NA,NA,NA,NA,NA,NA,NA,"River is frozen all the way across. Time is off by 1 hr because of daylight savings, did NOT adjust time on reader. Set camera to time lapse, interval = 30 min",
Red Barn,12/27/2022,"SI, BH",ICE,11:00,Ice,"13F, foggy",13.9,14.4,CR_RB_A1_20221227,CR_RB_A2_20221227,19.7,9,500.8,14.4,100,2.6,781,25,15,NA,NA,NA,NA,NA,NA,NA,NA,NA,NA,NA,NA,NA,NA,NA,NA,NA,NA,NA,NA,Changed camera interval to every hour,
Red Barn,2/1/2023,"ER, BH",ICE,11:30,Ice/snow,"4F, sunny, deep snow",14.2,14.4,CR_RB_A1_20230201,CR_RB_A2_20230201,19.7,14.6,509.4,14.1,100,2.4,805.2,25,15,NA,NA,NA,NA,NA,NA,NA,NA,NA,NA,NA,NA,NA,NA,NA,NA,NA,NA,NA,NA,"Solar panels were completely covered in snow (snow has been removed). Camera was buried in snow, was moved higher and SD cards were changed out",
Red Barn,3/7/2023,"MK, BH",ICE,12:25,Ice/snow,sunny/cold,13.9,14.1,CR_RB_A1_20230307,CR_RB_A2_20230307,22.7,3,527.9,13.7,100,2.7,830.2,25,15,NA,NA,NA,NA,NA,NA,NA,NA,NA,NA,NA,NA,NA,NA,NA,NA,NA,NA,NA,NA,No snow on solar panels. Talked to Randy for about an hour,
Red Barn,4/4/2023,"BH, SI",ICE,12:55,small branches/leaves,"cold, incoming snow",12.9,12.4,CR_RB_A1_20230404,CR_RB_A2_20230404,12.9,1.2,540,12.6,70,2.6,851.5,25,15,1.1,1.3,NA,NA,1.05,1.35,NA,NA,0.25,0.2,NA,NA,0.05,0.2,NA,NA,ok,ok,NA,NA,"Ice off in middle but small amount of shelf ice. Ice pushed staff gage out of water again. Nothing is broken, just needs to be hammered back in. Antenna is in good shape.",
Red Barn,5/4/2023,"BH, SI",almost underwater,10:43,,"cloudy, rainy, about 45 F",14.8,14.6,CR_RB_A1_20230504,CR_RB_A2_20230504,19.3,3.1,554.8,14.4,100,2.6,875.6,25,15,NA,NA,NA,NA,NA,NA,NA,NA,NA,NA,NA,NA,NA,NA,NA,NA,NA,NA,NA,NA,"Flows at 1600 cfs. Too deep/fast to do detection distances, but both antennas are working properly. Water is 1.15 feet from bottom of job box.",
Red Barn,5/18/2023,"SI, ER, BH",2.55,10:30,too turbid to see,rainy,NA,NA,No download,No download,14.5,3.5,561.2,14.2,100,2.6,886.6,25,15,NA,NA,NA,NA,NA,NA,NA,NA,NA,NA,NA,NA,NA,NA,NA,NA,NA,NA,NA,NA,"Staff gauge had debris, was bent downstream. PIT tag streamer casts; Right bank, 1/3 across, middle of channel, and 2/3 across were all detected by both antennas. River left bank only was detected by upstream antenna. New test tag is 230000088082, but it broke off the rod and will only show up on this antenna. Water has droppped to 3.62 from bottom of job box. ",
Red Barn,6/6/2023,"SI, MK, ER",1.5,16:07,wood/sticks,cloudy,14.1,13.8,CR_RB_A1_20230606,CR_RB_A2_20230606,22.9,2.3,570.4,13.7,100,2.6,901.8,25,15,1.23,1.28,NA,NA,NA,NA,NA,NA,0.22,0.13,NA,NA,NA,NA,NA,NA,ok,ok,NA,NA,Downstream marker tag is dead/not functioning. Upstream marker tag is still good. Cleaned debris off river right bank,
Red Barn,6/23/2023,"ER, SI",submerged,12:50,Water,Sunny,13.8,13.9,CR_RB_A1_20230623,CR_RB_A2_20230623,22,2.8,579.3,13.8,100,2.7,915,25,15,NA,NA,NA,NA,NA,NA,NA,NA,NA,NA,NA,NA,NA,NA,NA,NA,NA,NA,NA,NA,"Staff gauge either gone, bent over, or submerged. Water lapping up against bottom of box but looks dray inside. 2 feet at box. 10 casts with PIT tag fly;Fight bank -loeft bank1nn,2nd,3nn,4nn,5nn,6nn,7nn,8un,9un,10nn. Downstream:1/10. Upstream: 2/10.",
Red Barn,7/25/2023,"MM, SI",Bent/NA,16:58,"sticks, veg",sunny/hot,14.2,13.8,CR_RB_A1_20230725,CR_RB_A2_20230725,22.4,3,594.5,13.9,100,2.7,940.9,25,15,0.7,1.2,NA,NA,0.65,1.25,NA,NA,NA,0.15,NA,NA,NA,touching,NA,NA,out,ok,ok,ran out of time,Neither antenna registering test tags. Turned out to be that 32 mm PVC tag broke. We ran out of time to tune downstream. ,
Red Barn,8/1/2023,"SI, MM",1.22,12:30,NA,NA,NA,NA,NA,NA,NA,NA,NA,NA,NA,NA,NA,NA,NA,NA,NA,NA,NA,NA,NA,NA,NA,NA,NA,NA,NA,NA,NA,NA,NA,ok,ok,NA,NA,Prior to post pound: 0.28. After: 1.22. Just realigining stage.,
Red Barn,8/30/2023,"MM, MK",2.2,12:44,None,Sunny,14.2,13.8,CR_RB_A1_20230830,CR_RB_A2_20230830,21.8,3.4,616.5,13.7,100,3.1,973.5,25,15,1.5,1.4,1.15,1.55,1.15,1.1,1.3,1.7,0.1,0.2,NA,NA,0.2,0.2,NA,NA,NA,NA,NA,NA,RB1 upload has uh and a second up record in text file. Both readers on standby for 50 min. 2:00 - 2:50pm. Tunned both antennas,
Red Barn,10/3/2023,"SI, MM",0.8,16:36,None,Couldy,14.5,14.7,CR_RB_A1_20231003,CR_RB_A2_20231003,19.1,4.4,641.1,14.5,100,3.6,808.8,25,15,1.25,1.95,NA,NA,1.15,1.95,NA,NA,0.3,0.6,NA,NA,0.25,0.5,NA,NA,ok,ok,NA,NA,"Load draw has ""A""08.8? likely 8 if digital screen is malfunctioning. Marker tag for RB1 was dead (Replaced). Camera battery dead",
Red Barn,10/18/2023,"ER, SI, EF",0.89,10:15,"Small sticks, algae",Mostly sunny,NA,NA,CR_RB_A1_20231018,CR_RB_A2_20231019,23.2,7.9,651.5,14.6,100,2.1,821.4,25,15,0.95,2,1.05,NA,1.15,1.8,1.1,NA,NA,NA,NA,NA,NA,NA,NA,NA,out,ok,NA,NA,"Reset staff gage: was 0.89 before and 0.89 after. deployed/downloaded PTs, water PT mybe bad, it was replaced. *notes not legible MWM.",
Red Barn,10/31/2023,"SI, CB",1,12:55,None,"Cold, Sunny",NA,NA,CR_RB_A1_20231031,CR_RB_A2_20231031,19,14.4,657.8,14.2,100,3,35.5,25,15,1.1,1.45,NA,NA,1.15,1.45,NA,NA,1.15,0.25,NA,NA,0.45,0.4,NA,NA,ok,ok,NA,NA,,
Red Barn,11/28/2023,"MM, SI",NA,10:56,Ice,Sunny,14.6,14.5,CR_RB_A1_20231128,CR_RB_A2_20231128,19.4,5.7,673.5,14.3,100,3,859.9,25,15,NA,NA,NA,NA,NA,NA,NA,NA,NA,NA,NA,NA,NA,NA,NA,NA,ok,ok,NA,NA,Cannot conduct dietection distances or read staff gauge due to river ice.,
Red Barn,1/4/2024,"MM, MK",ICE,10:00,NA,Cloudy,14.6,14.5,CR_RB_A1_20240104,CR_RB_A2_20240104,14.7,6.8,691.1,14.5,100,2.9,890.1,25,15,NA,NA,NA,NA,NA,NA,NA,NA,NA,NA,NA,NA,NA,NA,NA,NA,NA,NA,NA,NA,River iced over completely. Air temp=16F. Marker tag for A1 (ds antenna) is questionable after 11/28/2023. Appears to not be recording marker tag after 11/28/2023.,
Red Barn,1/30/2024,"ER, EA",ICE,10:30,snow,clear and cold,14.3,14.3,CR_RB_A1_20240130,CR_RB_A2_20240130,19.2,6.4,703.6,14.3,100,2.9,C 11.5,25,15,NA,NA,NA,NA,NA,NA,NA,NA,NA,NA,NA,NA,NA,NA,NA,NA,NA,NA,NA,NA,Check load draw code. RB1 marker tag not working. Could not detect tags due to snow depth. SD card in camera not replaced. ,
Red Barn,3/5/2024,"MK, SG",ICE,12:30,snow,cloudy,13.4,12.4,CR_RB_A1_20240305,CR_RB_A2_20240305,12.6,0.1,721.1,12.4,57,2.7,C 40.3,25,15,NA,NA,NA,NA,NA,NA,NA,NA,NA,NA,NA,NA,NA,NA,NA,NA,NA,NA,NA,NA,Check load draw code. Swept snow off panels. RB1 marker code not working- only 26 records. SD cards in camera not replaced. Bad roads. ,
Red Barn,4/2/2024,"MM,ER,SG",0.9,11:40,some sticks,cool and clear,14.2,14,CR_RB_A1_20240402,CR_RB_A2_20240402,18.8,4,737.6,13.8,100,3,C 64.4,25,15,1.2,1.22,na,2,1.2,1.3,NA,2,0.2,0.1,NA,0.4,0.22,0.2,NA,0.4,ok,out,na,in tune,"No difference between reader time and daylight time. Downloaded airpt at 13:00, launches with delayed start at 14:00. Stage was adjusted- reading before adjustment was 0.34. Updated firmware and file formatting. ",
Hitching Post,4/2/2024,"MM, ER, SG",0.93,14:55,sticks and dead coot,warm and clear,13.7,13.9,CR_HP_A3_20240402,CR_HP_A4_20240402,18.9,3.8,614.9,13.8,100,1.5,547.9,25,15,1.3,1,NA,NA,1.3,1.1,NA,NA,0.2,Touching,NA,NA,0.2,0.1,NA,NA,IN TUNE,OK,NA,NA,No difference between reader time and daylight time. Deployed new airpt with delated start at 5pm. Stage was adjusted- reading before adjustment was 0.24. Updated firmware and file formatting. ,
Confluence,4/2/2024,"MM,ER,SG",0.57,16:55,buried,cool and clear,13.9,14.1,CR_CF_A5_20240402,CR_HP_A6_20240402,23.7,4.6,672.3,13.9,100,2.1,621.4,25,15,1.3,1.25,na,na,1.8,1.2,na,na,Touching,0.2,na,na,0.45,0.15,na,na,In Tune,ok,na,na,"No difference between reader time and daylight time. Downloaded waterpt at 17:40, launched with delayed start at 18:00. New Ptair launched at 18:00. Updated firmware and file formatting. ",
Connectivity Downstream,4/3/2024,"MM,SG",1.04,10:31,"none, some scouring",cool and clear,14.4,13.8,CRCC_CD_A7_20240403,CRCC_CD_A8_20240403,19.5,7.9,55,14.1,100,2.5,36.6,15,15,2,2,na,na,2.2,2,na,na,1.05,0.55,na,na,0.75,0.65,na,na,na,na,na,na,"No difference between reader time and daylight time. Downloaded airpt at 10:15, launched with delayed start at 11:00. Downloaded waterpt at 10:30, launched with delayed start at 11:00. Updated firmware and file formatting. ",
Connectivity Side Channel,4/3/2024,"MM, SG",0.65,10:26,ice on edge,cool and clear,14.3,14.6,CRCC_CS_A9_20240403,CRCC_CS_A10_20240403,19.5,7.9,55,14.1,100,2.5,36.6,15,15,na,na,na,na,2,2.2,na,na,na,na,na,na,0.6,0.75,na,na,na,na,na,na,"No difference between reader time and daylight time.  Downloaded waterpt at 10:35, launched with delayed start at 11:00. Updated firmware and file formatting. ",
Connectivity Upstream,4/3/2024,"MM,ER",1.6,13:30,partially buried,warm and clear,14.6,13.9,CRCC_CU_A11_20240403,CRCC_CU_A12_20240403,24,4,82.1,14.1,100,1.6,78.5,32,15,1.8,2,na,na,1.9,2.4,na,na,0.3,0.55,na,na,0.3,0.4,na,na,na,na,na,na,"No difference between reader time and daylight time. Downloaded airpt at 13:45, launched with delayed start at 14:00. Downloaded waterpt at 13:40, launched with delayed start at 15:00. Updated firmware and file formatting. Adjusted waterpt elevation at 14:30.",
