Suspect Ghost Tags,,2/27/2024,,,,,,,,,,,
,,,,,,,,,,,,,
Total,Fall 2020,Spring 2021,Summer 2021,Fall 2021,Spring 2022,Fall 2022,Summer 2023,,,,,,
381,67,110,268,307,278,259,190,,,,,,
,,,,,,,,,,,,,
Potential Ghost Tags (based on detection during 3-6 surveys),,,,,,,,,,,,,
TagID,Fall 2020,Spring 2021,Summer 2021,Fall 2021,Spring 2022,Fall 2022,Summer 2023,Total,Ghost,Notes,,Total,Count
230000142513,0,0,1,1,1,0,1,4,Flag,Already flagged as a tag with no release data,,7,13
230000228030,1,1,1,1,1,1,1,7,Flag,Confirmed Ghost,,6,20
230000228038,1,1,1,1,1,1,1,7,Flag,Confirmed Ghost,,5,59
230000228052,1,1,1,1,1,1,1,7,Flag,Confirmed Ghost,,4,106
230000228142,1,1,1,1,1,1,1,7,Flag,Confirmed Ghost,,3,183
230000228325,1,1,1,1,1,1,1,7,Flag,Confirmed Ghost,,,
230000228344,1,1,1,1,1,1,1,7,Flag,Confirmed Ghost,,,
230000228378,1,1,1,1,1,1,1,7,Flag,Confirmed Ghost,,,
230000228405,1,1,1,1,1,1,1,7,Flag,Confirmed Ghost,,,
230000228406,1,1,1,1,1,1,1,7,Flag,Confirmed Ghost,,,
230000228448,1,1,1,1,1,1,1,7,Flag,Confirmed Ghost,,,
230000228453,1,1,1,1,1,1,1,7,Flag,Confirmed Ghost,,,
230000229033,1,1,1,1,1,1,0,6,Flag,Confirmed Ghost,,,
230000229046,1,1,1,1,1,1,0,6,Flag,Confirmed Ghost,,,
230000229079,1,1,1,1,1,1,1,7,Flag,Confirmed Ghost,,,
230000228019,1,1,1,1,1,0,0,5,Flag,Confirmed Ghost,,,
230000228077,1,1,1,1,1,0,1,6,Flag,Confirmed Ghost,,,
230000228093,1,0,1,1,1,1,0,5,Flag,Confirmed Ghost,,,
230000228138,0,1,1,1,1,1,1,6,Flag,Confirmed Ghost,,,
230000228417,0,1,1,1,1,1,1,6,Flag,Confirmed Ghost,,,
230000228420,0,1,1,1,1,1,1,6,Flag,Confirmed Ghost,,,
230000228426,1,1,1,1,0,1,1,6,Flag,Confirmed Ghost,,,
230000228458,0,1,1,1,1,1,0,5,Flag,Confirmed Ghost,,,
230000228487,1,1,1,1,0,1,1,6,Flag,Confirmed Ghost,,,
230000228531,0,1,1,1,1,1,0,5,Flag,Confirmed Ghost,,,
230000228574,1,0,1,1,1,1,1,6,Flag,Confirmed Ghost,,,
230000228609,0,1,1,1,1,1,0,5,Flag,Confirmed Ghost,,,
230000228621,0,1,1,1,1,1,0,5,Flag,Confirmed Ghost,,,
230000228626,1,1,1,1,0,1,0,5,Flag,Confirmed Ghost,,,
230000228641,0,1,1,1,1,1,0,5,Flag,Confirmed Ghost,,,
230000228654,0,1,1,1,1,1,0,5,Flag,Confirmed Ghost,,,
230000228669,0,1,1,1,1,1,0,5,Flag,Confirmed Ghost,,,
230000228672,0,1,1,1,1,1,1,6,Flag,Confirmed Ghost,,,
230000228698,0,1,1,1,1,1,0,5,Flag,Confirmed Ghost,,,
230000228747,1,0,1,1,1,1,0,5,Flag,Confirmed Ghost,,,
230000228785,0,1,1,1,1,1,1,6,Flag,Confirmed Ghost,,,
230000228795,0,1,1,1,1,1,1,6,Flag,Confirmed Ghost,,,
230000228875,0,1,1,1,1,1,1,6,Flag,Confirmed Ghost,,,
230000228926,0,1,1,1,1,1,0,5,Flag,Confirmed Ghost,,,
230000228935,0,1,1,1,1,1,0,5,Flag,Confirmed Ghost,,,
230000228939,0,1,1,1,1,1,1,6,Flag,Confirmed Ghost,,,
230000228948,0,1,1,1,1,1,1,6,Flag,Confirmed Ghost,,,
230000228959,0,1,1,1,1,1,1,6,Flag,Confirmed Ghost,,,
230000228976,0,1,1,1,1,1,0,5,Flag,Confirmed Ghost,,,
230000229006,1,0,1,1,1,1,0,5,Flag,Confirmed Ghost,,,
230000229058,1,1,1,1,1,0,0,5,Flag,Confirmed Ghost,,,
230000229074,1,1,1,1,1,0,1,6,Flag,Confirmed Ghost,,,
230000229099,0,1,1,1,1,1,0,5,Flag,Confirmed Ghost,,,
226001581475,0,1,0,1,1,1,0,4,Flag,Confirmed Ghost,,,
230000142590,0,0,1,1,1,1,0,4,Flag,Confirmed Ghost,,,
230000142602,0,0,1,1,1,1,1,5,Flag,Confirmed Ghost,,,
230000142603,0,0,1,1,1,1,0,4,Flag,Confirmed Ghost,,,
230000142611,0,0,1,1,1,1,0,4,Flag,Confirmed Ghost,,,
230000142619,0,0,1,1,1,1,1,5,Flag,Confirmed Ghost,,,
230000142639,0,0,1,1,1,1,1,5,Flag,Confirmed Ghost,,,
230000142640,0,0,1,1,1,1,1,5,Flag,Confirmed Ghost,,,
230000142649,0,0,1,1,1,1,1,5,Flag,Confirmed Ghost,,,
230000142733,0,0,1,1,1,1,1,5,Flag,Confirmed Ghost,,,
230000224445,0,0,1,1,1,1,1,5,Flag,Confirmed Ghost,,,
230000224448,0,0,1,1,1,1,0,4,Flag,Confirmed Ghost,,,
230000224450,0,0,1,1,1,1,0,4,Flag,Confirmed Ghost,,,
230000224507,0,0,1,1,1,1,0,4,Flag,Confirmed Ghost,,,
230000224518,0,0,1,1,1,1,0,4,Flag,Confirmed Ghost,,,
230000224571,0,0,1,1,1,1,0,4,Flag,Confirmed Ghost,,,
230000228041,0,0,1,1,1,1,1,5,Flag,Confirmed Ghost,,,
230000228075,0,1,1,1,1,0,1,5,Flag,Confirmed Ghost,,,
230000228341,0,0,1,1,1,1,1,5,Flag,Confirmed Ghost,,,
230000228357,0,0,1,1,1,1,1,5,Flag,Confirmed Ghost,,,
230000228464,0,1,1,1,0,1,1,5,Flag,Confirmed Ghost,,,
230000228465,0,0,1,1,1,1,0,4,Flag,Confirmed Ghost,,,
230000228494,1,1,0,1,0,1,0,4,Flag,Confirmed Ghost,,,
230000228607,0,1,1,1,1,0,0,4,Flag,Confirmed Ghost,,,
230000228689,0,1,1,0,1,1,1,5,Flag,Confirmed Ghost,,,
230000228789,0,1,1,1,1,0,1,5,Flag,Confirmed Ghost,,,
230000228790,0,1,1,1,1,0,0,4,Flag,Confirmed Ghost,,,
230000228842,1,0,1,1,1,0,0,4,Flag,Confirmed Ghost,,,
230000228911,0,1,0,1,1,1,0,4,Flag,Confirmed Ghost,,,
230000228918,0,0,1,1,1,1,0,4,Flag,Confirmed Ghost,,,
230000228925,0,1,1,1,1,0,0,4,Flag,Confirmed Ghost,,,
230000228931,0,1,1,1,1,0,0,4,Flag,Confirmed Ghost,,,
230000229034,0,1,1,1,1,0,0,4,Flag,Confirmed Ghost,,,
230000229049,1,1,1,0,0,1,0,4,Flag,Confirmed Ghost,,,
230000229053,0,1,1,1,1,0,0,4,Flag,Confirmed Ghost,,,
230000229055,0,1,1,1,0,1,1,5,Flag,Confirmed Ghost,,,
230000229056,0,1,1,1,0,1,1,5,Flag,Confirmed Ghost,,,
230000229068,0,1,1,1,1,0,1,5,Flag,Confirmed Ghost,,,
230000229075,1,1,0,1,1,0,0,4,Flag,Confirmed Ghost,,,
230000272020,0,0,1,1,1,1,0,4,Flag,Confirmed Ghost,,,
230000272037,0,0,1,1,1,1,0,4,Flag,Confirmed Ghost,,,
230000272094,0,0,1,1,1,1,1,5,Flag,Confirmed Ghost,,,
230000272096,0,0,1,1,1,1,1,5,Flag,Confirmed Ghost,,,
230000272112,0,0,1,1,1,1,0,4,Flag,Confirmed Ghost,,,
230000272225,0,0,1,1,1,1,1,5,Flag,Confirmed Ghost,,,
230000272261,0,0,1,1,1,1,0,4,Flag,Confirmed Ghost,,,
230000272371,0,0,1,1,1,1,0,4,Flag,Confirmed Ghost,,,
230000272453,0,0,1,1,1,1,0,4,Flag,Confirmed Ghost,,,
230000272465,0,0,1,1,1,1,1,5,Flag,Confirmed Ghost,,,
230000272561,0,0,1,1,1,1,0,4,Flag,Confirmed Ghost,,,
230000272612,0,0,1,1,1,1,0,4,Flag,Confirmed Ghost,,,
230000272635,0,0,1,1,1,1,0,4,Flag,Confirmed Ghost,,,
230000272652,0,0,1,1,1,1,0,4,Flag,Confirmed Ghost,,,
230000272677,0,0,1,1,1,1,0,4,Flag,Confirmed Ghost,,,
230000272680,0,0,1,1,1,1,0,4,Flag,Confirmed Ghost,,,
230000272715,0,0,1,1,1,1,0,4,Flag,Confirmed Ghost,,,
230000272756,0,0,1,1,1,1,0,4,Flag,Confirmed Ghost,,,
230000272788,0,0,1,1,1,1,1,5,Flag,Confirmed Ghost,,,
230000272858,0,0,1,1,1,1,0,4,Flag,Confirmed Ghost,,,
230000142518,0,0,1,1,0,1,1,4,Flag,Confirmed Ghost,,,
230000142519,0,0,1,1,0,1,0,3,Flag,"Confirmed Ghost; Likely injured during tagging, swam upstream and died (ghost tag date of 7-28-21); runoff moved tag over antenna in May 2023",,,
230000142521,0,0,1,1,0,1,0,3,Flag,Confirmed Ghost,,,
230000142546,0,0,1,1,1,0,0,3,Flag,"Confirmed Ghost; Likely injured during tagging, swam upstream and died (ghost tag date of 7-28-21); runoff moved tag over antenna in May 2023",,,
230000142570,0,0,1,1,1,0,0,3,Flag,"Confirmed Ghost;Likely injured during tagging, swam upstream and died (ghost tag date of 7-28-21); runoff moved tag over antenna in May 2023",,,
230000142636,0,0,1,1,0,1,0,3,Flag,Confirmed Ghost,,,
230000142644,0,0,1,1,1,0,1,4,Flag,Confirmed Ghost,,,
230000142669,0,0,1,1,1,0,0,3,Flag,Confirmed Ghost,,,
230000142676,0,0,1,1,1,0,0,3,Flag,Confirmed Ghost,,,
230000142713,0,0,1,1,0,1,0,3,Flag,Confirmed Ghost,,,
230000142998,0,0,0,1,1,1,1,4,Flag,Confirmed Ghost,,,
230000224014,0,0,0,1,1,1,0,3,Flag,Confirmed Ghost,,,
230000224053,0,0,0,1,1,1,1,4,Flag,Confirmed Ghost,,,
230000224069,0,0,0,1,1,1,0,3,Flag,Confirmed Ghost,,,
230000224092,0,0,0,1,1,1,0,3,Flag,Confirmed Ghost,,,
230000224113,0,0,0,1,1,1,1,4,Flag,Confirmed Ghost,,,
230000224187,0,0,0,1,1,1,0,3,Flag,Confirmed Ghost,,,
230000224209,0,0,0,1,1,1,0,3,Flag,Confirmed Ghost,,,
230000224214,0,0,0,1,1,1,1,4,Flag,Confirmed Ghost,,,
230000224236,0,0,0,1,1,1,1,4,Flag,Confirmed Ghost,,,
230000224243,0,0,0,1,1,1,1,4,Flag,Confirmed Ghost,,,
230000224263,0,0,0,1,1,1,1,4,Flag,Confirmed Ghost,,,
230000224319,0,0,0,1,1,1,1,4,Flag,Confirmed Ghost,,,
230000224372,0,0,0,1,1,1,1,4,Flag,Confirmed Ghost,,,
230000224447,0,0,0,1,1,1,1,4,Flag,Confirmed Ghost,,,
230000224474,0,0,0,1,1,1,0,3,Flag,Confirmed Ghost,,,
230000224550,0,0,1,1,0,1,0,3,Flag,Confirmed Ghost,,,
230000224583,0,1,0,1,1,0,1,4,Flag,Confirmed Ghost,,,
230000224585,0,1,1,0,1,0,0,3,Flag,Confirmed Ghost,,,
230000228007,0,0,1,1,0,1,1,4,Flag,Confirmed Ghost,,,
230000228056,0,0,1,1,0,1,1,4,Flag,Confirmed Ghost,,,
230000228081,1,1,0,0,1,0,0,3,Flag,Confirmed Ghost,,,
230000228343,1,0,1,0,1,0,1,4,Flag,Confirmed Ghost,,,
230000228394,0,0,1,1,0,1,0,3,Flag,Confirmed Ghost,,,
230000228437,0,0,1,1,0,1,0,3,Flag,Confirmed Ghost,,,
230000228449,0,0,0,1,1,1,0,3,Flag,Confirmed Ghost,,,
230000228461,0,1,0,1,0,1,0,3,Flag,Confirmed Ghost,,,
230000228683,0,1,0,1,1,0,0,3,Flag,Confirmed Ghost,,,
230000228729,0,0,1,1,1,0,0,3,Flag,Confirmed Ghost,,,
230000228793,0,1,1,0,1,0,1,4,Flag,Confirmed Ghost,,,
230000228794,1,0,0,1,0,1,1,4,Flag,Confirmed Ghost,,,
230000228872,0,1,1,0,0,1,1,4,Flag,Confirmed Ghost,,,
230000228884,0,1,1,0,1,0,0,3,Flag,Confirmed Ghost,,,
230000229023,0,0,1,1,0,1,0,3,Flag,Confirmed Ghost,,,
230000229059,0,0,0,1,1,1,0,3,Flag,Confirmed Ghost,,,
230000229060,1,0,1,0,1,0,0,3,Flag,Confirmed Ghost,,,
230000272011,0,0,1,1,1,0,1,4,Flag,Confirmed Ghost,,,
230000272030,0,0,1,0,1,1,0,3,Flag,Confirmed Ghost,,,
230000272052,0,0,1,1,0,1,1,4,Flag,Confirmed Ghost,,,
230000272056,0,0,1,0,1,1,1,4,Flag,Confirmed Ghost,,,
230000272108,0,0,1,1,0,1,1,4,Flag,Confirmed Ghost,,,
230000272131,0,0,1,1,0,1,0,3,Flag,Confirmed Ghost,,,
230000272143,0,0,1,1,0,1,0,3,Flag,Confirmed Ghost,,,
230000272147,0,0,1,1,1,0,1,4,Flag,Confirmed Ghost,,,
230000272178,0,0,1,1,1,0,0,3,Flag,Confirmed Ghost,,,
230000272184,0,0,1,1,1,0,0,3,Flag,Confirmed Ghost,,,
230000272188,0,0,1,1,1,0,0,3,Flag,Confirmed Ghost,,,
230000272195,0,0,1,1,1,0,0,3,Flag,Confirmed Ghost,,,
230000272226,0,0,1,1,1,0,0,3,Flag,Confirmed Ghost,,,
230000272232,0,0,1,0,1,1,0,3,Flag,Confirmed Ghost,,,
230000272239,0,0,1,0,1,1,0,3,Flag,Confirmed Ghost,,,
230000272242,0,0,1,1,0,1,1,4,Flag,Confirmed Ghost,,,
230000272245,0,0,1,1,1,0,1,4,Flag,Confirmed Ghost; Likely injured during tagging and died by 7-28-21 (ghost tag date); high spring flows moved tag past antenna to new location in 2023,,,
230000272258,0,0,0,1,1,1,0,3,Flag,Confirmed Ghost,,,
230000272284,0,0,0,1,1,1,0,3,Flag,Confirmed Ghost,,,
230000272294,0,0,0,1,1,1,1,4,Flag,Confirmed Ghost,,,
230000272316,0,0,1,1,1,0,0,3,Flag,Confirmed Ghost,,,
230000272317,0,0,1,1,0,1,0,3,Flag,Confirmed Ghost,,,
230000272320,0,0,1,1,0,1,0,3,Flag,Confirmed Ghost,,,
230000272341,0,0,0,1,1,1,0,3,Flag,Confirmed Ghost,,,
230000272385,0,0,1,1,1,0,0,3,Flag,Confirmed Ghost,,,
230000272418,0,0,1,0,1,1,0,3,Flag,Confirmed Ghost,,,
230000272422,0,0,0,1,1,1,0,3,Flag,Confirmed Ghost,,,
230000272442,0,0,1,1,0,1,0,3,Flag,Confirmed Ghost,,,
230000272448,0,0,0,1,1,1,0,3,Flag,Confirmed Ghost,,,
230000272544,0,0,1,1,1,0,0,3,Flag,Confirmed Ghost,,,
230000272569,0,0,1,1,0,1,0,3,Flag,Confirmed Ghost,,,
230000272583,0,0,1,1,0,1,0,3,Flag,Confirmed Ghost,,,
230000272622,0,0,1,0,1,1,1,4,Flag,Confirmed Ghost,,,
230000272636,0,0,1,1,1,0,0,3,Flag,Unsure; Hard to tell if the second upstream movement is GPS error; last detection in 2022 suggests it could still be alive and has moved to where either we couldn't detect it or out of the system; not sure we can call this a ghost tag given the data,,,
230000272643,0,0,1,1,0,1,0,3,Flag,Confirmed Ghost,,,
230000272695,0,0,0,1,1,1,0,3,Flag,Confirmed Ghost,,,
230000272698,0,0,1,1,1,0,0,3,Flag,Confirmed Ghost,,,
230000272705,0,0,1,1,0,1,0,3,Flag,Confirmed Ghost,,,
230000272710,0,0,1,1,1,0,0,3,Flag,Confirmed Ghost,,,
230000272716,0,0,1,1,1,0,0,3,Flag,Confirmed Ghost,,,
230000272754,0,0,1,0,1,1,0,3,Flag,Confirmed Ghost,,,
230000272760,0,0,1,1,0,1,0,3,Flag,Confirmed Ghost,,,
230000272768,0,0,1,0,1,1,0,3,Flag,Confirmed Ghost,,,
230000272781,0,0,1,1,1,0,1,4,Flag,Confirmed Ghost,,,
230000272787,0,0,1,1,1,0,0,3,Flag,Confirmed Ghost,,,
230000272800,0,0,0,1,1,1,0,3,Flag,Confirmed Ghost,,,
230000272811,0,0,0,1,1,1,0,3,Flag,Confirmed Ghost,,,
230000272834,0,0,1,1,0,1,0,3,Flag,Confirmed Ghost,,,
230000272848,0,0,1,1,0,1,0,3,Flag,Confirmed Ghost,,,
230000272861,0,0,1,1,1,0,0,3,Flag,Confirmed Ghost,,,
230000272866,0,0,1,1,1,0,1,4,Flag,Confirmed Ghost,,,
230000272886,0,0,1,1,0,1,1,4,Flag,Confirmed Ghost,,,
230000272927,0,0,1,1,0,1,1,4,Flag,Confirmed Ghost,,,
230000142591,0,0,0,1,0,1,1,3,Flag,Confirmed Ghost,,,
230000142659,0,0,1,1,0,0,1,3,Flag,Confirmed Ghost,,,
230000142981,0,0,0,1,0,1,1,3,Flag,Confirmed Ghost,,,
230000224017,0,0,0,0,1,1,1,3,Flag,Confirmed Ghost,,,
230000224033,0,0,0,0,1,1,1,3,Flag,Confirmed Ghost,,,
230000224096,0,0,0,0,1,1,1,3,Flag,Confirmed Ghost,,,
230000224097,0,0,0,1,0,1,1,3,Flag,Confirmed Ghost,,,
230000224122,0,0,0,1,1,0,1,3,Flag,Confirmed Ghost,,,
230000224176,0,0,0,1,1,0,1,3,Flag,"Confirmed Ghost; tag likely spawned out in October 2021 between release date and mobile run date (""movement"" after this point likely GPS error) - ghost tag date of 10-18-2021",,,
230000224189,0,0,0,1,0,1,1,3,Flag,Confirmed Ghost,,,
230000224259,0,0,0,1,1,0,1,3,Flag,Confirmed Ghost,,,
230000224349,0,0,0,1,1,0,1,3,Flag,Confirmed Ghost,,,
230000224384,0,0,0,0,1,1,1,3,Flag,Confirmed Ghost,,,
230000228040,0,0,0,0,1,1,1,3,Flag,Confirmed Ghost,,,
230000228060,0,0,0,0,1,1,1,3,Flag,Confirmed Ghost,,,
230000228441,0,0,1,0,0,1,1,3,Flag,Confirmed Ghost,,,
230000228445,0,0,0,1,1,0,1,3,Flag,Confirmed Ghost,,,
230000228490,0,0,0,1,1,0,1,3,Flag,Confirmed Ghost,,,
230000228510,1,1,0,0,0,0,1,3,Flag,Confirmed Ghost,,,
230000228545,0,0,0,0,1,1,1,3,Flag,Confirmed Ghost,,,
230000228572,0,1,0,1,0,0,1,3,Flag,Confirmed Ghost,,,
230000228797,0,0,1,1,0,0,1,3,Flag,Confirmed Ghost,,,
230000228805,0,0,0,1,1,0,1,3,Flag,Confirmed Ghost,,,
230000228886,0,0,0,0,1,1,1,3,Flag,Confirmed Ghost,,,
230000272071,0,0,1,1,0,0,1,3,Flag,Confirmed Ghost,,,
230000272159,0,0,0,0,1,1,1,3,Flag,Confirmed Ghost,,,
230000272238,0,0,0,0,1,1,1,3,Flag,Confirmed Ghost,,,
230000272251,0,0,0,0,1,1,1,3,Flag,Confirmed Ghost,,,
230000272254,0,0,1,0,0,1,1,3,Flag,Confirmed Ghost,,,
230000272365,0,0,1,0,0,1,1,3,Flag,Confirmed Ghost,,,
230000272429,0,0,1,0,0,1,1,3,Flag,Confirmed Ghost,,,
230000272538,0,0,0,0,1,1,1,3,Flag,Confirmed Ghost,,,
230000272621,0,0,0,1,1,0,1,3,Flag,Confirmed Ghost,,,
230000272639,0,0,0,1,0,1,1,3,Flag,Confirmed Ghost,,,
230000272660,0,0,0,1,0,1,1,3,Flag,Confirmed Ghost,,,
230000272812,0,0,0,0,1,1,1,3,Flag,Confirmed Ghost,,,
230000272891,0,0,1,1,0,0,1,3,Flag,Confirmed Ghost,,,
230000272938,0,0,0,1,0,1,1,3,Flag,Confirmed Ghost,,,
230000228444,1,1,1,1,0,1,1,6,Flag,"Confirmed Ghost; however, flag as avian predation prior to becoming ghost (moved from RB to CF on same day in one hour in June 2021); avian predation suspected on 6/3/2021",,,
230000228702,0,1,1,1,0,0,0,3,Flag,"Likely ghost; added to ghost tag list, but field confirmation needed",,,
230000228813,0,1,1,1,0,0,1,4,Flag,"Likely ghost; added to ghost tag list, but field confirmation needed",,,
230000228933,0,1,1,1,0,0,1,4,Flag,"Likely ghost; added to ghost tag list, but field confirmation needed",,,
230000142525,0,0,1,1,1,1,0,4,Flag,"Likely ghost; added to ghost tag list, but field confrimation needed",,,
230000228397,1,1,0,0,1,1,1,5,Flag,"Likely ghost; added to ghost tag list, but field confrimation needed",,,
230000228967,0,0,1,1,1,1,0,4,Flag,"Likely ghost; added to ghost tag list, but field confrimation needed",,,
230000229031,0,1,0,1,1,1,1,5,Flag,"Likely ghost; added to ghost tag list, but field confrimation needed",,,
226001581297,1,1,0,1,0,0,1,4,Flag,"Likely ghost; Hard to tell with sculpin, but given that it has been in our shocking site since it's release and never recaptured, I would call this a ghost tag as of 10-19-20",,,
226001581442,1,0,0,1,1,0,0,3,Flag,"Likely ghost; added to ghost tag list, but field confrimation needed",,,
226001581525,0,0,1,1,0,1,1,4,Flag,"Likely ghost; added to ghost tag list, but field confrimation needed",,,
230000224301,0,0,0,1,1,1,0,3,Flag,"Likely ghost; added to ghost tag list, but field confrimation needed",,,
230000224311,0,0,0,1,1,1,1,4,Flag,"Likely ghost; added to ghost tag list, but field confrimation needed",,,
230000224336,0,0,0,1,1,1,0,3,Flag,"Likely ghost; added to ghost tag list, but field confrimation needed",,,
230000228088,0,1,0,0,1,1,0,3,Flag,"Likely ghost; added to ghost tag list, but field confrimation needed",,,
230000272084,0,0,1,1,0,1,1,4,Flag,"Likely ghost; added to ghost tag list, but field confrimation needed",,,
230000272452,0,0,1,1,1,0,0,3,Flag,"Likely ghost; added to ghost tag list, but field confrimation needed",,,
230000272503,0,0,1,1,1,0,0,3,Flag,"Likely ghost; added to ghost tag list, but field confrimation needed",,,
230000272578,0,0,1,0,1,1,0,3,Flag,"Likely ghost; added to ghost tag list, but field confrimation needed",,,
230000228848,1,1,1,1,1,1,1,7,Flag,Not a Ghost Tag; revised based off movement after Ghost Date or other.,,,
230000228836,0,1,1,1,1,1,1,6,Flag,Not a Ghost Tag; revised based off movement after Ghost Date or other.,,,
230000229014,0,1,1,1,1,1,0,5,Flag,Not a Ghost Tag; revised based off movement after Ghost Date or other.,,,
230000142516,0,0,1,1,1,1,1,5,Flag,Not a Ghost Tag; revised based off movement after Ghost Date or other.,,,
230000228787,0,0,1,1,1,1,0,4,Flag,Not a Ghost Tag; revised based off movement after Ghost Date or other.,,,
230000229030,0,0,1,1,1,1,1,5,Flag,Not a Ghost Tag; revised based off movement after Ghost Date or other.,,,
230000229070,0,1,1,1,1,0,1,5,Flag,Not a Ghost Tag; revised based off movement after Ghost Date or other.,,,
230000272103,0,0,1,1,1,1,1,5,Flag,Not a Ghost Tag; revised based off movement after Ghost Date or other.,,,
230000272139,0,0,1,1,1,1,0,4,Flag,Not a Ghost Tag; revised based off movement after Ghost Date or other.,,,
230000272290,0,0,1,1,1,1,1,5,Flag,Not a Ghost Tag; revised based off movement after Ghost Date or other.,,,
230000272372,0,0,1,1,1,1,1,5,Flag,Not a Ghost Tag; revised based off movement after Ghost Date or other.,,,
230000272659,0,0,1,1,1,1,1,5,Flag,Not a Ghost Tag; revised based off movement after Ghost Date or other.,,,
230000272664,0,0,1,1,1,1,1,5,Flag,Not a Ghost Tag; revised based off movement after Ghost Date or other.,,,
230000272758,0,0,1,1,1,1,1,5,Flag,Not a Ghost Tag; revised based off movement after Ghost Date or other.,,,
230000142618,0,0,1,0,1,1,0,3,Flag,Not a Ghost Tag; revised based off movement after Ghost Date or other.,,,
230000228050,1,1,0,0,1,0,1,4,Flag,Not a Ghost Tag; revised based off movement after Ghost Date or other.,,,
230000228993,1,1,0,0,0,1,0,3,Flag,Not a Ghost Tag; revised based off movement after Ghost Date or other.,,,
230000272277,0,0,1,1,0,1,1,4,Flag,Not a Ghost Tag; revised based off movement after Ghost Date or other.,,,
230000272533,0,0,1,0,1,1,1,4,Flag,Not a Ghost Tag; revised based off movement after Ghost Date or other.,,,
230000272539,0,0,1,1,0,1,1,4,Flag,Not a Ghost Tag; revised based off movement after Ghost Date or other.,,,
230000272556,0,0,1,1,1,0,1,4,Flag,Not a Ghost Tag; revised based off movement after Ghost Date or other.,,,
230000272701,0,0,1,1,1,0,1,4,Flag,Not a Ghost Tag; revised based off movement after Ghost Date or other.,,,
230000272774,0,0,1,1,0,1,0,3,Flag,Not a Ghost Tag; revised based off movement after Ghost Date or other.,,,
230000272909,0,0,1,1,1,0,0,3,Flag,Not a Ghost Tag; revised based off movement after Ghost Date or other.,,,
230000272949,0,0,1,1,1,0,1,4,Flag,Likely Ghost; Big fish when tagged; upstream movement after release likely back to capture location and probably spawned in that same location shortly after being tagged (ghost tag date of 7-28-21); ghost tag downstream movement due to high flows between 4-20-22 and 7-26-23,,,
230000272993,0,0,1,1,1,0,1,4,Flag,Not a Ghost Tag; revised based off movement after Ghost Date or other.,,,
230000228630,0,1,0,1,1,0,0,3,Flag,Not a ghost tag: last seen October 22 at HP site,,,
230000142562,0,0,1,1,1,1,1,5,Flag,"Not a ghost tag; detected in different locations on each mobile run; detected on WG biomark antenna on 10/3/21, and 1010 m downstream on 10/19/22",,,
230000224139,0,0,0,1,1,1,0,3,Flag,Not a ghost tag; detected on CF antenna in May 22 prior to mobile detection in October 22,,,
230000272348,0,0,1,1,1,0,0,3,Flag,Not a ghost tag; dowstream movement in October 2021 followed by upstream movement in 2022,,,
230000272199,0,0,0,1,1,1,0,3,Flag,Not a ghost tag; fish moved upstream over a small structure between April 2022 and October 2022,,,
230000228316,1,1,1,0,1,1,0,5,Flag,"Not a ghost tag; fish moves around in same pool as release, but recaptured in both October 2021 and October 2022",,,
230000142528,0,0,0,1,1,1,0,3,Flag,Not a ghost tag; in a new location in October 2022,,,
230000224304,0,0,0,1,1,1,0,3,Flag,Not a ghost tag; last seen on CF anetnna in October 2022,,,
230000228772,0,0,1,1,1,0,0,3,Flag,Not a ghost tag; last seen on HP antenna in July 2022,,,
230000228809,1,1,1,0,0,0,0,3,Flag,Not a ghost tag; last seen on RB antenna in July 2022,,,
230000272097,0,0,1,1,1,0,0,3,Flag,Not a ghost tag; last seen on RB antenna in July 2022,,,
230000272114,0,0,1,1,1,0,0,3,Flag,Not a ghost tag; last seen on RB antenna in July 2022,,,
230000228806,1,0,1,1,0,0,0,3,Flag,Not a ghost tag; last seen on RB antenna in November 21,,,
230000228962,0,0,1,0,1,1,0,3,Flag,Not a ghost tag; last seen on RB antenna in October 2022,,,
230000228749,1,0,0,1,0,1,0,3,Flag,Not a ghost tag; last seen on WG biomark antenna in Ocotber 2022,,,
230000228468,1,1,1,1,0,0,0,4,Flag,Not a ghost tag; lots of movement (through dam) past all stationary sites in late 2021 through spring 2022,,,
230000228569,1,1,1,0,0,0,0,3,Flag,Not a ghost tag; moved upstream from CF through River Run; last seen in July 2021,,,
230000228557,1,0,1,1,0,0,0,3,Flag,Not a ghost tag; movement through the dam; last seen on HP antenna in April 2022,,,
230000228704,0,0,0,1,1,1,1,4,Flag,Not a ghost tag; movement through the dam; seen on biomark antenna and later downstream on a mobile run in October 2022,,,
230000142520,0,0,1,1,1,0,0,3,Flag,Not a ghost tag; movement up and downstream; recaptured and last seen on 5/2/22,,,
230000228760,0,1,0,1,1,1,0,4,Flag,Not a ghost tag; movement upstream and dowstream across mobile runs; recaptured in May 2022; upstream movement in October 2022 from recap location,,,
230000272794,0,0,1,1,1,1,0,4,Flag,Not a ghost tag; movement upstream to RB site on 10/22/22,,,
230000228565,1,1,1,0,0,0,1,4,Flag,Not a ghost tag; moves around in River Run; last seen in July 2021,,,
230000228416,0,1,0,1,1,0,0,3,Flag,Not a ghost tag; moving around in River Run,,,
230000228408,1,1,1,0,0,0,1,4,Flag,Not a ghost tag; moving around in the same pool,,,
230000142689,0,0,0,1,1,1,0,3,Flag,Not a ghost tag; multiple movements and detection at HP in May 2022,,,
230000228010,1,0,1,1,0,0,0,3,Flag,Not a ghost tag; recapture in August 22,,,
230000272464,0,0,1,1,1,0,1,4,Flag,"Not a ghost tag; recaptured October 2022, and then seen on WG Biomark, HP, and RB antennas",,,
230000228369,1,1,0,0,0,1,0,3,Flag,"Not a ghost tag; recaptured in October 2021, detected with mobile antenna in October 22",,,
230000228334,1,1,1,1,1,0,0,5,Flag,"Not a ghost tag; recaptured in October 2021, moved upstream after recapture but before mobile detection; moved downstream a riffle between October 2021 and April 2022; not seen since",,,
230000228585,1,1,1,0,1,1,0,5,Flag,Not a ghost tag; recaptured in October 2022,,,
230000228360,0,0,1,1,1,0,0,3,Flag,Not a ghost tag; recaptured in October 2022,,,
230000228495,0,1,1,0,1,0,0,3,Flag,Not a ghost tag; recaptured in October 2022,,,
230000224232,0,0,0,1,1,1,1,4,Flag,"Not a ghost tag; recaptured in October 2022, then upstream on October 22 mobile run",,,
230000228333,1,1,1,0,0,0,0,3,Flag,"Not a ghost tag; recaptured in October 21, not seen again since",,,
230000228351,1,1,0,1,0,0,0,3,Flag,"Not a ghost tag; recaptured in October 21, seen upstream with mobile antennas in October 21, not seen again since",,,
230000228389,0,0,1,1,1,0,1,4,Flag,Not a ghost tag; recaptured in October 22,,,
230000142667,0,0,1,1,1,1,0,4,Flag,"Not a ghost tag; seen at Hitching Post multiple times 9/18-10/6/22, then moved back downstream",,,
230000228032,0,0,1,1,1,0,1,4,Flag,"Not a ghost tag; seen on CF in March 22, detected by mobile antenna in April 2022; fish moves between Fraser and Colorado rivers",,,
230000272614,0,0,1,1,1,0,0,3,Flag,Not a ghost tag; seen on RB antenna in July 2022,,,
230000272337,0,0,1,0,1,1,1,4,Flag,Not a ghost tag; seen on RB antenna in July 2022 before mobile detectionin October 2022,,,
230000272887,0,0,1,0,1,1,0,3,Flag,"Not a ghost tag; seen on RB antenna in May 2022, then upstream on mobile run in October 2022",,,
230000272668,0,0,0,1,1,1,0,3,Flag,Not a ghost tag; seen on RB antenna in November 2022,,,
230000228446,1,1,1,0,1,1,0,5,Flag,"Not a ghost tag; three plus detections in same pool, but multiple pool upstream movement on 10/17/22",,,
226001581552,0,0,1,1,1,1,0,4,Flag,Status unknown; detected at confluence A LOT of times; detected in same spot under highway bridge in CR 7/26/21 through 10/17/22; could be a sculpin in a new home or ghost tag; not added to Ghost Tag list - need field confirmation,,,
230000228037,1,1,0,0,1,0,0,3,Flag,Status unknown; detected in current location only twice (April 21 and April 22); not added to Ghost Tag list - need field confirmation,,,
230000224169,0,0,0,1,1,1,1,4,Flag,"Likely Ghost; tag likely spawned out in October 2021 between release date and mobile run date (""movement"" after this point likely GPS error) - ghost tag date of 10-18-2021",,,
230000228087,1,0,1,0,1,0,1,4,Flag,"Status unknown; initial movement downstream, but back upstream for last two detections in 7/21 and 4/22; not added to Ghost Tag list - need field confirmation",,,
230000272076,0,0,1,1,1,1,0,4,Flag,Status unknown; lived near GP antenna for long time; moved down past red barn in November 21; two detections (4/22 and 10/22) in current location; not added to Ghost Tag list - need field confirmation,,,
230000272735,0,0,1,1,1,0,0,3,Flag,"Status unknown; movement past RB in late 2021, with two detections in same location after; current location is same as prior to movement past RB - maybe just its home location?; not added to Ghost Tag list - need field confirmation",,,
230000228979,1,1,0,0,0,1,0,3,Flag,"Status unknown; moves around in same pool in which it was released, but all movements have been upstream; not added to Ghost Tag list - need field confirmation",,,
230000228414,1,1,1,1,1,1,0,6,Flag,"Status unknown; no recaptures, but some movement (more than GPS error?) in pool and through riffle upstream; could be ghost tag on 4/18/22, but only two detections in current location; not added to Ghost Tag list - need field confirmation",,,
230000228613,1,0,0,1,0,1,0,3,Flag,Status unknown; only seen twice in the current location in October 21 and October 22; not added to Ghost Tag list - need field confirmation,,,
230000228991,1,0,0,1,1,0,0,3,Flag,Status unknown; only two detections below Kinney Creek diversion following one above; not added to Ghost Tag list - need field confirmation,,,
230000142993,0,0,0,1,1,1,1,4,Flag,Status unknown; only two detections in current location; not added to Ghost Tag list - need field confirmation,,,
230000224158,0,0,0,1,1,1,0,3,Flag,Status unknown; only two detections in current location; not added to Ghost Tag list - need field confirmation,,,
230000224556,0,0,1,1,0,1,0,3,Flag,Status unknown; passed RB 9/21; detected only twice in current location (10/21 and 10/22); not added to Ghost Tag list - need field confirmation,,,
230000272038,0,0,1,0,1,1,0,3,Flag,Status unknown; seen on HP in October 2021; detected on mobile runs only twice in current location (April 2022 and October 2022); not added to Ghost Tag list - need field confirmation,,,
230000228356,0,1,1,1,0,0,0,3,Flag,"Status unknown; small fish detected three times in 2021, but not seen since; not added to Ghost Tag list - need field confirmation",,,
230000224449,0,0,1,1,1,1,1,5,Flag,"Status unknown; some detections in same [long] pool, but most recent downstream movement was 170 m (more than flows could push through large pool?); not added to Ghost Tag list - need field confirmation",,,
226001581628,1,0,1,1,0,0,0,3,Flag,"Status unknown; some movement, and only to detections in current location (last seen 10/21); not added to Ghost Tag list - need field confirmation",,,
230000228352,1,0,0,1,0,1,0,3,Flag,Status unknown; some upstream movement between detections; small fish that may still be alive; not added to Ghost Tag list - need field confirmation,,,
230000272867,0,0,1,1,1,1,0,4,Flag,"Status unknown; three detections in one spot, then downstream movement of 210 m in October 2022; not added to Ghost Tag list - need field confirmation",,,
230000229036,0,0,1,1,1,1,1,5,Flag,"Status unknown; Given size at release, fish likely matured and became a spawner in 2022; tag was probably still in a fish living in the pool below red barn on 4-20-22; could have spawed fall 2022 in riffle where tag has been found on 10-19-22 and 7-26-23. Need a third detection in this location to confirm (note high flows did not move tag between October 2022 and July 2023, so it should still be here if a ghost tag)",,,
226001581554,0,0,1,1,0,0,1,3,Flag,Not a ghost tag; upstream movement,,,
230000224357,0,0,0,0,1,1,1,3,Flag,"Not a ghost tag; changed rivers, lots of movement",,,
230000224360,0,0,0,1,1,0,1,3,Flag,"Likely ghost, Mature fish at tagging; likely spawned out tag in October 2021, though hard to tell if before or after 10-19-21 detections (not really a spwning location); best guess is that detection on 4-19-22 is spawning location in good gravel riffle (and ghost date), with downstream movement between 2022 and 2023 caused by high floods in spring 2023",,,
230000224387,0,0,0,0,1,1,1,3,Flag,"Probably not a ghost, downstream movement too great",,,
230000224473,0,0,0,1,1,0,1,3,Flag,Not a ghost,,,
230000228063,0,0,1,1,0,0,1,3,Flag,Not a ghost,,,
230000228065,1,1,0,0,0,0,1,3,Flag,Not a ghost,,,
230000228580,0,0,1,1,0,0,1,3,Flag,Not a ghost,,,
230000228679,0,1,0,0,1,0,1,3,Flag,Not a ghost,,,
230000228728,0,1,0,0,0,1,1,3,Flag,Not a ghost,,,
230000228830,0,1,0,1,0,0,1,3,Flag,Not a ghost,,,
230000228930,0,1,0,1,0,0,1,3,Flag,Not a ghost,,,
230000229042,1,0,1,0,0,0,1,3,Flag,Not a ghost,,,
230000272004,0,0,1,0,0,1,1,3,Flag,"Likely ghost tag; likely died/spawned between 7-28-2021 and 10-19-22 (ghost tag date), with ghost tag moving downstream in spring 2023 flows to new location on 7-26-23; alternative explanation is that it was injured during tagging and drifted downstream into the ""railroad hole"" where it died prior to 7-28-21 (could be the ghost tag date instead) - not a lot of spawning habitat in the 7-28-21 location, so I kind of like this explanation better",,,
230000272033,0,0,0,1,0,1,1,3,Flag,Uncertain; maybe some gps error,,,
230000272064,0,0,0,0,1,1,1,3,Flag,"Not a ghost tag; detections on RB downstream not consistent enough to say the tag just ot ""hung up"" on the antenna",,,
230000272099,0,0,1,0,1,0,1,3,Flag,"Confirmed ghost; Big fish when tagged; upstream movement after release likely back to capture location; likely died/spawned between 7-28-2021 and 4-20-22 (ghost tag date), with ghost tag moving downstream in spring 2023 flows to new location on 7-26-23",,,
230000272230,0,0,1,0,0,1,1,3,Flag,Not a ghost tag,,,
230000272240,0,0,0,1,0,1,1,3,Flag,Not a ghost tag,,,
230000272260,0,0,1,1,0,0,1,3,Flag,Not a ghost tag,,,
230000272360,0,0,1,0,0,1,1,3,Flag,Not a ghost tag,,,
230000272364,0,0,1,0,1,0,1,3,Flag,Not a ghost tag,,,
230000272557,0,0,1,0,1,0,1,3,Flag,"Confirmed Ghost; upstream movement after release likely back to capture location; likely died/spawned between 7-28-2021 and 4-20-22 (ghost tag date), with ghost tag moving downstream in spring 2023 flows to new location on 7-26-23",,,
230000272685,0,0,1,0,1,0,1,3,Flag,Not a ghost tag,,,
230000272699,0,0,0,1,0,1,1,3,Flag,Not a ghost tag,,,
230000272870,0,0,0,1,0,1,1,3,Flag,Not a ghost tag,,,
230000272966,0,0,1,0,0,1,1,3,Flag,Uncertain; ideally would have a dtectoin or 2 more,,,
230000272989,0,0,0,1,0,1,1,3,Flag,Not a ghost tag,,,
